a,7857,0.00500,"NPTS,",DT
-0.002008098,-0.001903365,0.0002513349,0.002911821,0.002896675
0.002933414,0.002943131,0.002947354,0.002948971,0.002948605
0.002947066,0.002946359,0.002943666,0.002935864,0.002926858
0.002917865,0.002908809,0.002903473,0.002900885,0.00289858
0.002890345,0.002870366,0.002846176,0.002820495,0.002791411
0.002767349,0.002757156,0.002762229,0.002777954,0.002797812
0.002819618,0.002846421,0.002870895,0.002876478,0.002858624
0.002828789,0.002800154,0.002780081,0.002776617,0.002791293
0.002814096,0.002839322,0.002861203,0.002867997,0.00284934
0.002808887,0.002766539,0.002733384,0.002719473,0.002738078
0.002780382,0.00282254,0.002846187,0.002836412,0.002786545
0.002709183,0.002627945,0.002557326,0.002517956,0.002541612
0.002619269,0.002714516,0.002804863,0.00285802,0.002837398
0.002757045,0.002667476,0.002590946,0.002524081,0.002475763
0.002452851,0.002439272,0.002429444,0.002433961,0.00245565
0.002493334,0.002556915,0.002672228,0.00282667,0.002937168
0.00291424,0.002754652,0.002549041,0.002376969,0.002253062
0.002199994,0.0022635,0.002406902,0.002541183,0.002633285
0.002658565,0.002600405,0.002503885,0.00239514,0.002254687
0.002142748,0.002196482,0.00243127,0.002732466,0.003014511
0.00316069,0.003019599,0.002643661,0.002234172,0.001852381
0.001536259,0.001482387,0.001762699,0.002181666,0.002557601
0.002777829,0.002697928,0.002341373,0.001919926,0.001509403
0.001066671,0.000712304,0.0006887257,0.001125562,0.00185495
0.002570805,0.003120058,0.003367977,0.003198053,0.00274727
0.00228464,0.001920006,0.001582604,0.001238355,0.001043283
0.001218354,0.001675429,0.002119198,0.002417383,0.002506105
0.002352636,0.002084349,0.001854018,0.001684695,0.001587109
0.001617681,0.00175439,0.001894523,0.002013591,0.002149525
0.002313956,0.002483666,0.002515255,0.00222112,0.00161583
0.0009613733,0.0006376032,0.0008207354,0.001227981,0.001516253
0.001632581,0.001616247,0.001457408,0.001230387,0.001165221
0.00147274,0.002081556,0.002769037,0.003473449,0.003906119
0.00358979,0.002671321,0.001669314,0.0006868335,-0.0003453706
-0.001088442,-0.0011094,-0.0003957945,0.000653145,0.00160661
0.002348152,0.002777583,0.002696731,0.002233104,0.001852111
0.001836921,0.00207806,0.002332801,0.002573859,0.002789644
0.002610116,0.001927509,0.001048732,0.0002232555,-0.0003520176
-0.0004086231,0.0002079093,0.001147659,0.001935774,0.002497087
0.00291616,0.003167477,0.003128685,0.002857629,0.00262272
0.002435209,0.00225257,0.002082336,0.001835178,0.001666831
0.001855953,0.00227976,0.002378433,0.001933466,0.001395298
0.001231676,0.001469636,0.001796667,0.001947563,0.001907667
0.001677764,0.001212188,0.0007109059,0.0005630594,0.0009039524
0.001520171,0.002189503,0.00286858,0.003263271,0.00285189
0.001762131,0.0006544091,4.700138e-06,-0.0001368059,2.909088e-05
0.0003640446,0.0007743371,0.00118428,0.001580605,0.002017291
0.00244611,0.002813422,0.003124716,0.003249001,0.002963005
0.002308731,0.001688228,0.001255388,0.0008336542,0.000326244
-0.0002258225,-0.0007249144,-0.0009169072,-0.0006620362,-0.0002513761
3.75293e-05,0.0002386101,0.0004960358,0.0008229475,0.001172687
0.001690245,0.002500058,0.003349339,0.003721412,0.003277427
0.002242835,0.001145618,0.0002655464,-0.0003891689,-0.0006723669
-0.0004997594,-0.0001788617,8.521562e-05,0.0002526516,0.0003750091
0.000579292,0.0008749714,0.001125393,0.001266126,0.001401826
0.001541956,0.001693315,0.001860583,0.002114578,0.002480481
0.00278899,0.002962735,0.002884761,0.002475424,0.001831495
0.00100742,-0.0001746702,-0.00186633,-0.003635966,-0.004856395
-0.004868193,-0.003162565,-0.0004586339,0.002143454,0.003972782
0.00454529,0.004137703,0.003285898,0.002465197,0.002278823
0.002616917,0.002854934,0.002784691,0.002538123,0.00209016
0.001224349,0.0001431678,-0.0007053264,-0.001062521,-0.0004854501
0.001173798,0.003140427,0.004681125,0.005413802,0.005045966
0.003807083,0.002403745,0.001589779,0.001527735,0.001681944
0.001608481,0.001307998,0.0006746412,-0.0003782406,-0.001438207
-0.001997994,-0.001573441,-0.0002436221,0.00106038,0.00192903
0.002402695,0.002419809,0.002121539,0.001742624,0.001672933
0.001984361,0.002618496,0.003786273,0.005248729,0.006778856
0.00752288,0.006104138,0.00299148,-0.0002965456,-0.003229063
-0.005707793,-0.007010195,-0.006424279,-0.004086519,-0.001044184
0.002068725,0.00535376,0.008348734,0.009833338,0.00924224
0.007345913,0.005396093,0.003942256,0.002504216,0.0009149205
-0.0007489207,-0.002389244,-0.003617499,-0.004286963,-0.004174789
-0.003217628,-0.002102687,-0.001267603,-0.0005313331,0.0002363847
0.001066346,0.001993503,0.002975274,0.003874415,0.004819155
0.005952934,0.00700348,0.007901619,0.008269826,0.007160535
0.004680816,0.001871272,-0.0005992223,-0.002861182,-0.005183043
-0.00646808,-0.005395319,-0.002427841,0.0008243382,0.003266902
0.005127635,0.00649552,0.00686476,0.006449107,0.005712345
0.00502453,0.004749123,0.004774946,0.005035157,0.005232261
0.004447405,0.002012978,-0.001696889,-0.005622318,-0.00859315
-0.009403752,-0.00776102,-0.00456935,-0.001365326,0.0003268858
0.000486706,0.0003926329,0.001113091,0.002930631,0.005053814
0.006716664,0.008141696,0.009238716,0.009087713,0.007304145
0.004545319,0.001576808,-0.001098408,-0.003423388,-0.005719711
-0.007162575,-0.006331169,-0.003361098,0.0001341688,0.003157025
0.005061438,0.004754058,0.002698351,0.0001839619,-0.002561606
-0.005148492,-0.006627924,-0.005859358,-0.001955433,0.003953935
0.009397502,0.01247713,0.01208211,0.008305185,0.003156975
-0.001192578,-0.004718055,-0.00750757,-0.008345295,-0.006814769
-0.003547528,0.0005515654,0.00432143,0.007388713,0.01023472
0.01243906,0.01299917,0.01184855,0.009969376,0.007579813
0.005041812,0.003062558,0.001505823,0.0004835517,0.0001312013
0.000726447,0.001757146,0.00251841,0.002831236,0.003099279
0.003746433,0.004068151,0.003601189,0.00216158,-0.000297309
-0.002549915,-0.002589547,0.0007209854,0.007280569,0.01459641
0.01850799,0.01577571,0.006321731,-0.00528759,-0.01462785
-0.01976368,-0.01920869,-0.01297626,-0.002911998,0.007153149
0.01321048,0.01379577,0.01004292,0.004452231,-0.0007960912
-0.004990826,-0.007682238,-0.007290736,-0.003725412,0.001489235
0.006229326,0.008828739,0.009398693,0.008279131,0.006207484
0.003854049,0.001425702,-0.0004742508,-0.001590596,-0.002375826
-0.002406263,-0.001642244,-0.000653096,-0.0003276589,-0.003482309
-0.01074821,-0.0198766,-0.02579292,-0.02272326,-0.01069841
0.005671825,0.02147787,0.03423332,0.04178344,0.03898393
0.02151389,-0.006910053,-0.03418655,-0.0475295,-0.04206374
-0.02062154,0.009254669,0.03396287,0.04114174,0.03062134
0.01264804,-0.00173656,-0.007493107,-0.006609862,-0.004037574
-0.004273938,-0.008604459,-0.0154497,-0.02217175,-0.02487784
-0.0206694,-0.01114127,-0.0007681742,0.008811754,0.01726736
0.02154755,0.01791932,0.009067259,0.004419927,0.009098319
0.01655513,0.01482633,0.001630764,-0.01365816,-0.02236107
-0.02347251,-0.02121789,-0.01983989,-0.01861969,-0.01217354
0.0004227791,0.01055404,0.01045305,0.00518181,0.00587837
0.01481112,0.02065397,0.01110067,-0.01031138,-0.02737538
-0.0305694,-0.02647944,-0.02566149,-0.03009465,-0.03357859
-0.02783839,-0.01011373,0.01337901,0.03429814,0.04799112
0.05117244,0.04045401,0.01348258,-0.02514233,-0.06242825
-0.08453174,-0.08292687,-0.05705442,-0.01607939,0.02142298
0.04186913,0.0493968,0.05511763,0.06188258,0.06359553
0.05202949,0.02493936,-0.009515106,-0.04023904,-0.06094252
-0.06955317,-0.06591585,-0.04947538,-0.02108431,0.01249624
0.04093991,0.0571761,0.06104413,0.05516756,0.04175425
0.02439751,0.006614741,-0.009927412,-0.02437756,-0.03473383
-0.03722555,-0.03126191,-0.02284811,-0.01795678,-0.01538745
-0.007658973,0.0110922,0.03519867,0.05180406,0.05467816
0.04238668,0.01103113,-0.03555611,-0.07752105,-0.09708086
-0.09516446,-0.07742976,-0.03897103,0.02266697,0.09105507
0.1390408,0.1511692,0.1326667,0.09612565,0.04482649
-0.01741093,-0.07106303,-0.09941266,-0.1038481,-0.09448707
-0.07509238,-0.04299662,-0.006571611,0.01985327,0.03148134
0.03105231,0.02466804,0.01794185,0.01199495,0.005558923
-0.001939304,-0.01016456,-0.01705696,-0.02141513,-0.02365405
-0.0206767,-0.00927232,0.008625556,0.0267273,0.03524723
0.02647862,-0.001940292,-0.04358722,-0.08282759,-0.1038508
-0.09580658,-0.05566667,0.006193452,0.06311887,0.09291407
0.09792788,0.08826677,0.06525622,0.02900748,-0.007888944
-0.0291071,-0.03290074,-0.02742873,-0.02087796,-0.01929313
-0.02481184,-0.03485939,-0.04553922,-0.05479405,-0.06112786
-0.06116205,-0.05004729,-0.02563676,0.004741596,0.02617941
0.03211139,0.03073787,0.03191865,0.03700091,0.04212116
0.04486881,0.04417973,0.03741073,0.01993951,-0.009271352
-0.03893765,-0.05376642,-0.05157042,-0.03849136,-0.01679909
0.01149167,0.03794934,0.05059921,0.04478643,0.02902525
0.01500036,0.006947755,0.005261802,0.009082724,0.0152751
0.02089212,0.02470712,0.0260723,0.02313872,0.01061603
-0.01666178,-0.05422742,-0.08942015,-0.1113444,-0.1165459
-0.1085758,-0.09215757,-0.06709201,-0.03126455,0.01295792
0.05436126,0.07978428,0.08590775,0.07701184,0.06080195
0.04368712,0.02764227,0.01261244,-0.0008561809,-0.01225697
-0.02830982,-0.05673996,-0.0901607,-0.1101359,-0.1021359
-0.06394503,-0.008804857,0.03992037,0.06429233,0.06580796
0.05489705,0.03275914,-0.002624564,-0.03822615,-0.05249855
-0.03800294,-0.004953938,0.02860361,0.04855417,0.05116967
0.04262257,0.02725856,0.005499041,-0.01503448,-0.02508377
-0.02620496,-0.02767012,-0.03450391,-0.04440552,-0.05325479
-0.05952156,-0.06480749,-0.06811194,-0.06184649,-0.03651703
0.01593986,0.0911878,0.1634221,0.2036349,0.2048023
0.1775796,0.1266446,0.04475087,-0.05912302,-0.1514992
-0.2061836,-0.2143046,-0.1751447,-0.0993802,-0.01496166
0.05228081,0.09842433,0.1256253,0.1320127,0.1177668
0.08076691,0.02124153,-0.0459376,-0.09390324,-0.103839
-0.07673873,-0.02818414,0.01532032,0.03690517,0.04450176
0.05041725,0.05476226,0.04938185,0.02761521,-0.009097887
-0.05087857,-0.0824421,-0.09318583,-0.08018324,-0.04424566
0.001180702,0.03146394,0.03791746,0.03491005,0.0362552
0.04451561,0.05733584,0.07159134,0.08075418,0.08007698
0.06808715,0.03943108,-0.008819485,-0.06819517,-0.1204586
-0.151948,-0.1613998,-0.1518752,-0.1245445,-0.08301231
-0.03776179,-0.003028454,0.009839341,-0.000117133,-0.02595015
-0.05687707,-0.08076832,-0.08938925,-0.07906143,-0.04876616
-0.004107408,0.03765909,0.05865475,0.056336,0.04329966
0.02909154,0.01168565,-0.01117443,-0.03786112,-0.0652151
-0.0901554,-0.1086106,-0.1119995,-0.09246617,-0.05009563
0.002554271,0.04195926,0.05216977,0.03967364,0.01757602
-0.01119714,-0.04725355,-0.0831486,-0.1030657,-0.09710825
-0.07072279,-0.03909805,-0.01799623,-0.01132655,-0.007632853
-0.001370658,0.001553311,-0.004020052,-0.0204183,-0.04318884
-0.06294574,-0.07252374,-0.07141766,-0.05855735,-0.03346903
-0.007781828,0.005274887,0.002205463,-0.01277091,-0.03510211
-0.05783433,-0.06801248,-0.06028968,-0.03967881,-0.01542075
0.003649828,0.0146159,0.02000598,0.02144206,0.01209473
-0.0141953,-0.05302379,-0.09337413,-0.1208578,-0.127197
-0.1148875,-0.08862958,-0.0547986,-0.02005824,0.006667385
0.01610693,0.008551252,-0.01142169,-0.03970603,-0.0720314
-0.1031553,-0.1230363,-0.1208139,-0.0977125,-0.06493765
-0.03166546,-0.004928568,0.009452024,0.008248095,-0.006225513
-0.02695303,-0.04596401,-0.05685775,-0.06045594,-0.06016412
-0.05842217,-0.05684692,-0.05266231,-0.04447078,-0.03436616
-0.02400137,-0.01445999,-0.007620118,-0.006879185,-0.01396513
-0.02529313,-0.03608259,-0.04438109,-0.04829401,-0.04772742
-0.04600203,-0.04636314,-0.05036738,-0.05755297,-0.0648531
-0.07213359,-0.08383469,-0.09643296,-0.1010487,-0.09529652
-0.08263313,-0.06978789,-0.05815037,-0.04191473,-0.02314582
-0.01342603,-0.0235939,-0.05715705,-0.1044357,-0.1492206
-0.1786458,-0.1919366,-0.1953816,-0.1885598,-0.1686776
-0.135026,-0.09433876,-0.05706279,-0.03009214,-0.02056381
-0.02865619,-0.04673342,-0.06756526,-0.08820089,-0.1069786
-0.1206137,-0.125585,-0.1161633,-0.08912671,-0.05001128
-0.01194823,0.01065841,0.01538913,0.01233149,0.006890565
-0.003761501,-0.02396128,-0.05249809,-0.080628,-0.09923656
-0.1056971,-0.1031391,-0.09208356,-0.07181203,-0.0475263
-0.03023488,-0.03013129,-0.04643982,-0.06549755,-0.07327519
-0.06751247,-0.05717909,-0.05259794,-0.05427743,-0.0555378
-0.05383305,-0.05303681,-0.05597938,-0.06071604,-0.06269635
-0.05913868,-0.05287836,-0.04843803,-0.04643357,-0.04133021
-0.02770353,-0.009841844,0.0005356015,-0.005034398,-0.02480959
-0.04873594,-0.06691057,-0.07548709,-0.07613479,-0.07126749
-0.06102779,-0.0432748,-0.01840247,0.00732509,0.02592288
0.03008386,0.02047129,0.008297861,0.002665959,0.002541402
0.00132499,-0.002111233,-0.00507065,-0.007568534,-0.01025687
-0.01536048,-0.02352126,-0.03199284,-0.03961722,-0.04729149
-0.0552899,-0.063624,-0.07052442,-0.07078227,-0.06018647
-0.04128193,-0.02386139,-0.01593138,-0.01793304,-0.02593186
-0.03752569,-0.05476346,-0.08030394,-0.1122921,-0.1449573
-0.1736883,-0.198254,-0.2201291,-0.2360796,-0.2423561
-0.2400683,-0.2351519,-0.2326551,-0.2317021,-0.2309541
-0.2296489,-0.2269956,-0.2235758,-0.2186602,-0.2097804
-0.1973008,-0.1790421,-0.1516123,-0.1169965,-0.07678908
-0.03516119,0.0009299414,0.02482916,0.03650443,0.04421474
0.05342111,0.06627121,0.08199736,0.1000732,0.1233319
0.1521955,0.1791983,0.1907848,0.1769294,0.1395898
0.09361131,0.05852202,0.04714032,0.06002306,0.08691535
0.1163849,0.1434467,0.1661793,0.1871667,0.2105488
0.2303258,0.2408131,0.2455186,0.245906,0.2467894
0.2540809,0.2709183,0.3012503,0.3373972,0.3649381
0.3752143,0.3698846,0.3543109,0.3295631,0.297471
0.2586031,0.2120381,0.1549347,0.08251108,-0.001506099
-0.08304585,-0.1452786,-0.1831826,-0.2050668,-0.217198
-0.2245058,-0.2296891,-0.2330605,-0.240263,-0.2532113
-0.2704425,-0.2913571,-0.3117061,-0.3274949,-0.3378052
-0.3453813,-0.3521146,-0.359501,-0.3690182,-0.3753984
-0.3704235,-0.3492598,-0.3166024,-0.2842002,-0.2580371
-0.2360297,-0.2136327,-0.1896786,-0.1697732,-0.1602135
-0.1609514,-0.1625468,-0.1531165,-0.1283451,-0.09218201
-0.05304053,-0.01643291,0.01495965,0.03801658,0.0502933
0.05433448,0.0552861,0.05729987,0.0636896,0.06987019
0.07421676,0.08144556,0.0908886,0.1034015,0.1208908
0.1394764,0.1559824,0.1745873,0.1967047,0.2214776
0.2524453,0.28769,0.3161043,0.3289397,0.3279023
0.3166579,0.3000229,0.2856266,0.2733097,0.2629744
0.2541783,0.2425427,0.2297987,0.2179848,0.2077108
0.198688,0.1931646,0.19193,0.1932188,0.1977505
0.2046427,0.2106994,0.2134268,0.2096414,0.1952169
0.173138,0.1541247,0.1437986,0.141262,0.1420783
0.139544,0.1375701,0.1396497,0.1412402,0.1429314
0.1470756,0.1510603,0.1541371,0.1629065,0.1751588
0.1831939,0.1859653,0.1808293,0.1709651,0.1677479
0.1799484,0.2018823,0.2253393,0.2447511,0.254305
0.2580293,0.2579791,0.2559265,0.256435,0.2562445
0.2534187,0.2531637,0.2537553,0.2513501,0.251857
0.2585948,0.2660029,0.2701455,0.2715355,0.2695147
0.2635938,0.2563913,0.2501472,0.2479686,0.2507831
0.2538491,0.2521671,0.2439532,0.2309792,0.2164551
0.2040368,0.1909873,0.1774413,0.1657124,0.1536935
0.1430431,0.1309572,0.1175209,0.1055957,0.09369802
0.08191841,0.07488862,0.07880897,0.09428047,0.1192755
0.1500584,0.1792661,0.2037567,0.2241414,0.2375362
0.2414978,0.2341914,0.2209895,0.2077382,0.1927085
0.1805431,0.1763556,0.1776497,0.1785256,0.1755036
0.1697553,0.1605687,0.1545179,0.1586457,0.1693942
0.1763085,0.1711027,0.1533165,0.1295636,0.1115251
0.09552938,0.0795076,0.06585027,0.05328161,0.05154291
0.06485088,0.08579586,0.1065303,0.1221611,0.1304041
0.128028,0.1163002,0.1017106,0.0886146,0.07956683
0.07253671,0.06530425,0.05860031,0.05074621,0.04327174
0.0369369,0.03001831,0.025292,0.02268075,0.02500717
0.03802177,0.05701198,0.07278176,0.08296429,0.08521694
0.07425979,0.05474609,0.03705901,0.02631179,0.01868968
0.01470043,0.01961818,0.02577927,0.03011017,0.03474959
0.03685739,0.03532572,0.02873983,0.01861158,0.01043888
0.004196888,0.003548694,0.01466049,0.0297401,0.04851852
0.06760768,0.08017563,0.08644961,0.082781,0.07512171
0.06926583,0.06548868,0.06574353,0.0642193,0.05816644
0.05449103,0.04708014,0.03913521,0.03342625,0.02300368
0.01568383,0.01411269,0.01972326,0.03564109,0.05321917
0.06366517,0.06434057,0.05177763,0.03269696,0.0115379
-0.01176005,-0.02645904,-0.02774495,-0.01843621,8.177874e-05
0.02073996,0.03779805,0.04565715,0.03313947,0.01093382
-0.008301383,-0.0285065,-0.04058395,-0.03837924,-0.03019507
-0.01852095,-0.006156136,0.004409607,0.01213183,0.0176497
0.02346013,0.02754909,0.03121864,0.03500915,0.03799292
0.04085535,0.04325943,0.04213873,0.04104672,0.04163335
0.03904063,0.03814184,0.04075582,0.04366688,0.05253219
0.06800797,0.07949623,0.08450162,0.08346751,0.07590527
0.06514987,0.05972586,0.05900352,0.05837224,0.06454439
0.0702957,0.07188559,0.07002179,0.06524947,0.06003619
0.05163658,0.04762734,0.04529008,0.04249967,0.04420253
0.04383428,0.04087437,0.04046109,0.03852314,0.03229255
0.02470835,0.02244733,0.02990375,0.04518392,0.06827039
0.09313053,0.1125982,0.1250471,0.1348376,0.1437809
0.1464129,0.1418119,0.1305836,0.1198231,0.1109607
0.09956587,0.09076556,0.08345309,0.0754386,0.06964321
0.06431411,0.05926742,0.05770433,0.05792559,0.05846706
0.06161753,0.06661119,0.06994509,0.07218584,0.07386982
0.07042923,0.06571966,0.06352857,0.06061142,0.05750859
0.05409364,0.05010138,0.04715197,0.04401518,0.03726819
0.02868859,0.02232406,0.01739,0.01221062,0.008574279
0.008477842,0.009480075,0.009868042,0.01209575,0.01431394
0.0145621,0.01544407,0.01552448,0.01098816,0.0006137835
-0.01345423,-0.02631938,-0.0363878,-0.04670072,-0.05601482
-0.06574109,-0.07554589,-0.08210104,-0.09036925,-0.09849637
-0.1065105,-0.1163127,-0.1235,-0.1312949,-0.1413019
-0.1495997,-0.1570199,-0.1667631,-0.1778907,-0.1869763
-0.1977246,-0.2104295,-0.222532,-0.2368718,-0.2523055
-0.2676218,-0.2843883,-0.3039036,-0.3209606,-0.3345361
-0.344687,-0.3482658,-0.3468755,-0.3431746,-0.3414744
-0.3349648,-0.3244931,-0.3128804,-0.2910489,-0.263834
-0.2356511,-0.2072528,-0.1787215,-0.1520423,-0.1318457
-0.1179109,-0.1137358,-0.1201284,-0.1367923,-0.1579184
-0.1787505,-0.199781,-0.2136803,-0.2229904,-0.2288134
-0.2320175,-0.2412105,-0.2501306,-0.2567368,-0.2662936
-0.273153,-0.276245,-0.2782863,-0.2757036,-0.2694468
-0.2568361,-0.238685,-0.2211347,-0.2032995,-0.1898717
-0.1851946,-0.1863567,-0.1848394,-0.1834292,-0.1842825
-0.1799367,-0.177177,-0.173312,-0.166267,-0.1658418
-0.1676047,-0.1703113,-0.1764219,-0.1861216,-0.1956352
-0.1997381,-0.2043355,-0.2062584,-0.2017552,-0.1921715
-0.1782314,-0.1629418,-0.1469088,-0.1344219,-0.1262429
-0.1228012,-0.1261836,-0.1302303,-0.1325958,-0.1341461
-0.1360959,-0.1397088,-0.139973,-0.1368983,-0.1316674
-0.1248803,-0.1180829,-0.1109938,-0.1042802,-0.09877899
-0.0957054,-0.09479646,-0.09585372,-0.09517282,-0.09080151
-0.0863894,-0.07838518,-0.06542232,-0.05134539,-0.03665799
-0.02264908,-0.007477862,0.007561156,0.0204694,0.03295079
0.04326049,0.04886408,0.05280684,0.05801645,0.06209668
0.0648743,0.06560918,0.06526189,0.06440786,0.0627673
0.06307643,0.06548587,0.0689643,0.07564249,0.08209632
0.08612669,0.08738768,0.08285692,0.07678654,0.06912413
0.05840013,0.04735514,0.03708994,0.02730281,0.01838205
0.01198394,0.0116464,0.01504715,0.01840753,0.02022343
0.01821509,0.01689005,0.01557031,0.0134813,0.01289158
0.0109545,0.007384452,0.003962868,-0.0008570119,-0.007876093
-0.01444702,-0.02180653,-0.02834434,-0.03293069,-0.03689134
-0.03672022,-0.0340447,-0.029286,-0.02159629,-0.01281877
-0.003691332,0.003859686,0.01149205,0.01670288,0.01864161
0.02030355,0.01809279,0.01353004,0.009048284,0.001997951
-0.006856711,-0.01455343,-0.02033441,-0.02351893,-0.02553356
-0.02850966,-0.03122475,-0.03456223,-0.03720249,-0.03835483
-0.04131014,-0.04482288,-0.04673924,-0.04885892,-0.05263484
-0.05791836,-0.06278852,-0.06733792,-0.07448705,-0.07969018
-0.0823819,-0.08490787,-0.0840444,-0.08065443,-0.07505549
-0.06813074,-0.06028701,-0.05055005,-0.03992516,-0.02688031
-0.01051927,0.00558721,0.02175181,0.03893545,0.05191728
0.05974526,0.06156045,0.0551177,0.04482766,0.03377514
0.0211512,0.008376352,0.002656798,0.005701924,0.01030733
0.01324234,0.01428322,0.01137531,0.0006201265,-0.01871035
-0.03994588,-0.05858351,-0.07760116,-0.09439116,-0.1037914
-0.1060042,-0.1057119,-0.1071341,-0.109348,-0.1127515
-0.1158496,-0.1184128,-0.1224637,-0.1255596,-0.12787
-0.1280715,-0.1290926,-0.1316443,-0.1308469,-0.132107
-0.1319073,-0.1270973,-0.1218739,-0.1158709,-0.1091242
-0.1026726,-0.09695148,-0.09069128,-0.08709662,-0.08704361
-0.08935054,-0.09199315,-0.09326646,-0.09414278,-0.09011875
-0.08091886,-0.07058753,-0.05954185,-0.05107409,-0.04541581
-0.04219373,-0.04388402,-0.0422803,-0.03858583,-0.03676075
-0.03125145,-0.0253921,-0.0204193,-0.01566847,-0.01411958
-0.01469376,-0.01626327,-0.01748615,-0.01736468,-0.01927629
-0.02159454,-0.02348347,-0.02425376,-0.02504516,-0.0278274
-0.02641244,-0.02625726,-0.02856575,-0.0270998,-0.02629632
-0.02703998,-0.02734524,-0.02725202,-0.02665516,-0.02556977
-0.02657752,-0.02644249,-0.02411328,-0.02317413,-0.02127891
-0.01950015,-0.01702699,-0.01450963,-0.01348783,-0.008751351
-0.003746463,0.0008979735,0.01027763,0.0207761,0.02942622
0.03806597,0.04628353,0.05175152,0.05659624,0.05917621
0.05571293,0.0491115,0.0398498,0.02700604,0.01760001
0.01324219,0.01410041,0.02073141,0.02813384,0.03604573
0.04447857,0.0518762,0.05520156,0.05784328,0.06033317
0.06118262,0.06660271,0.07215688,0.07918113,0.0913544
0.1015126,0.110469,0.1186242,0.1233836,0.1253031
0.1253419,0.1233362,0.1193552,0.1156208,0.1122207
0.110147,0.1107962,0.1144647,0.1176676,0.1208113
0.1236436,0.1215992,0.1171467,0.1081471,0.09443045
0.07664844,0.05710084,0.04185383,0.03039443,0.02511558
0.02505197,0.02780542,0.03161581,0.03274461,0.03434734
0.03647521,0.03601566,0.03431497,0.03105387,0.02916613
0.02949494,0.02769408,0.02614215,0.02508499,0.02253833
0.01963121,0.01775093,0.01616935,0.01307063,0.01182772
0.01443454,0.01785794,0.02108115,0.0229176,0.02450087
0.02593556,0.02626799,0.03010407,0.03322913,0.03516836
0.04193796,0.04896252,0.05480487,0.06230702,0.06820682
0.07165786,0.07380883,0.07372661,0.07329913,0.07122517
0.06873697,0.06866285,0.0682478,0.06838606,0.0705351
0.07227022,0.07283132,0.07548118,0.07901198,0.08179186
0.08435019,0.08405398,0.08402646,0.08221849,0.07634695
0.06880462,0.06000086,0.0499247,0.04136348,0.0367251
0.03163101,0.02770643,0.02419539,0.01995815,0.0165296
0.01190553,0.008811713,0.005297886,0.0002439678,0.001396162
0.005527201,0.01165065,0.02117663,0.0307665,0.03964357
0.04384007,0.04500229,0.04258442,0.03619056,0.02789273
0.01536677,0.003535762,-0.004873239,-0.01149564,-0.01400666
-0.0147613,-0.01394152,-0.01073818,-0.008975467,-0.007373566
-0.00332512,0.00142708,0.007180867,0.01405958,0.0220785
0.03085882,0.03807945,0.04469541,0.05155944,0.05605323
0.05667455,0.05669345,0.05493981,0.04965274,0.04480211
0.03788015,0.028765,0.02144854,0.01192497,0.001532181
-0.005585877,-0.01122882,-0.01636579,-0.01648066,-0.01171789
-0.007863572,-0.0008235178,0.007199677,0.01289081,0.02151565
0.02895615,0.03531553,0.04390409,0.05153019,0.05822737
0.06379685,0.06734361,0.0683012,0.06646816,0.06294517
0.05823558,0.05356025,0.0493316,0.04697815,0.04819692
0.05151226,0.05351916,0.05160044,0.04685457,0.04026581
0.02877595,0.01473677,0.005278713,-0.002191577,-0.007725096
-0.00756172,-0.007628768,-0.009109575,-0.01162547,-0.01599431
-0.0210341,-0.02851815,-0.03516101,-0.04060546,-0.04564519
-0.04835639,-0.05032267,-0.05095549,-0.04858519,-0.04424
-0.0361079,-0.02296783,-0.006621928,0.01329234,0.03081121
0.0443095,0.05480928,0.05802716,0.05494425,0.04613142
0.03558969,0.02587724,0.01781139,0.01526385,0.01611551
0.02059155,0.02857832,0.03555337,0.04120169,0.0435045
0.04087202,0.03612882,0.02921309,0.02211227,0.02009193
0.02238591,0.02675663,0.03353188,0.03898265,0.0398817
0.03743245,0.03295208,0.02608877,0.01720243,0.008192012
-0.002684869,-0.01445726,-0.0245994,-0.03290421,-0.03835822
-0.04245876,-0.04476936,-0.04499806,-0.0450282,-0.04395744
-0.04133142,-0.03966691,-0.03932364,-0.03976676,-0.04319715
-0.04928993,-0.05560714,-0.06276988,-0.07050676,-0.0786201
-0.08839177,-0.0968129,-0.103827,-0.1119669,-0.1198372
-0.1266407,-0.1304561,-0.1295409,-0.125269,-0.117644
-0.1054552,-0.09013239,-0.0734114,-0.05359605,-0.03386986
-0.01684761,0.001390457,0.01782183,0.03101335,0.04187135
0.04735601,0.04705815,0.04003582,0.02810571,0.01414352
-0.0009079383,-0.01340293,-0.02275693,-0.02959915,-0.03043645
-0.0266828,-0.0210616,-0.01258312,-0.003317262,0.00390787
0.007707896,0.008827614,0.007307167,0.002653493,-0.001634917
-0.005402683,-0.008575955,-0.008213989,-0.005844159,-0.003296196
0.001267079,0.007883129,0.01372288,0.01771519,0.01891567
0.01603376,0.0106347,0.005793374,0.0007517041,-0.005674277
-0.008981324,-0.007309032,-0.005977708,-0.004575375,-0.0008203026
0.0009579025,0.0005363264,-0.0003603763,-0.003272031,-0.00676918
-0.009400337,-0.01261497,-0.0182697,-0.02428463,-0.02866341
-0.03390664,-0.0384132,-0.04133157,-0.04449289,-0.04733152
-0.04964171,-0.05112007,-0.05272416,-0.05467109,-0.05666039
-0.06081447,-0.0636731,-0.06244081,-0.05979485,-0.0556734
-0.04955962,-0.04308584,-0.0383173,-0.03561945,-0.03410572
-0.033964,-0.03508048,-0.03609443,-0.03681599,-0.03757406
-0.03682781,-0.03428834,-0.03347434,-0.03206355,-0.02848033
-0.02689647,-0.0241195,-0.02025718,-0.0184379,-0.01635078
-0.0148026,-0.01490375,-0.01541158,-0.01809517,-0.02351975
-0.03132186,-0.04021887,-0.04783069,-0.05528667,-0.06069569
-0.06226632,-0.06144036,-0.05855346,-0.05288946,-0.04467722
-0.03410171,-0.02063893,-0.006751774,0.004144392,0.01179005
0.01685144,0.01844768,0.01693028,0.01458568,0.01238097
0.00998887,0.007710901,0.006695686,0.00707036,0.007939926
0.01028659,0.01292499,0.0147599,0.01734154,0.02088764
0.02570855,0.03112161,0.03594052,0.04073628,0.0455286
0.04970798,0.0524068,0.05376355,0.0542501,0.05344142
0.05289696,0.05349789,0.05468725,0.05419993,0.05056728
0.04470421,0.03626176,0.02377233,0.009779157,0.0009299319
-0.001802454,-0.00125054,0.005079841,0.01703993,0.02898144
0.0400382,0.04888004,0.05380445,0.05596825,0.056125
0.05491475,0.05174185,0.04834633,0.04484887,0.03976626
0.03407183,0.02816347,0.02228564,0.01558028,0.009983878
0.004991833,-0.001472027,-0.005804985,-0.009656396,-0.01404308
-0.016678,-0.01702713,-0.01615083,-0.01565878,-0.01222075
-0.007938556,-0.005673448,-0.002000249,0.0009492693,0.0008057596
-0.0001186521,-0.001914113,-0.004770911,-0.01034868,-0.01874773
-0.02817389,-0.04035624,-0.0497702,-0.05231674,-0.05215954
-0.04864454,-0.04150198,-0.03499325,-0.02957335,-0.02507417
-0.02352748,-0.02446322,-0.02680597,-0.03057224,-0.033834
-0.03299969,-0.02941176,-0.02354634,-0.01453318,-0.004907617
0.00508879,0.01362535,0.02143477,0.02740177,0.02931535
0.03033234,0.02948059,0.0261256,0.02255268,0.0208041
0.01996541,0.02023564,0.0258011,0.03298559,0.03828111
0.04330223,0.04501382,0.04338066,0.03783267,0.02759273
0.01559923,0.003419052,-0.008386196,-0.01847691,-0.02451198
-0.02698577,-0.02692726,-0.02285355,-0.01578071,-0.009485302
-0.003444382,0.001820922,0.004127672,0.003553653,0.002267505
0.001799164,0.001870207,0.004073462,0.008681593,0.0147581
0.02114456,0.02780164,0.0327502,0.03398927,0.03423948
0.03419738,0.03049063,0.02540596,0.02277216,0.01956392
0.01704891,0.017413,0.01849037,0.02085625,0.02494772
0.02920455,0.03442221,0.0396007,0.04274125,0.0449906
0.04608997,0.04582971,0.04399866,0.04047788,0.03672099
0.03303906,0.02967286,0.02619131,0.02188564,0.01947931
0.01858558,0.01837039,0.02251507,0.0279891,0.03302224
0.03966408,0.04635936,0.05347427,0.05997043,0.06392315
0.0649787,0.06391659,0.06288435,0.06200832,0.06065118
0.05963945,0.05965346,0.06043913,0.06022245,0.0585975
0.05676939,0.05283018,0.0471223,0.03895303,0.02806481
0.01877288,0.01102301,0.003702383,-0.002413945,-0.00447815
-0.002993841,-0.0004885494,0.002893212,0.004808282,0.004627621
0.002737795,-0.001201715,-0.007858558,-0.01498918,-0.02111444
-0.02648752,-0.02848139,-0.02818246,-0.02605467,-0.02094719
-0.01487246,-0.00947376,-0.005918797,-0.005392727,-0.007831126
-0.01184421,-0.01507783,-0.01664202,-0.01668538,-0.01434316
-0.01031205,-0.005338152,0.001158485,0.008751788,0.01620374
0.02278766,0.02841197,0.03096909,0.02983954,0.02783726
0.02402787,0.0184441,0.01433667,0.01209571,0.01061104
0.008639655,0.009052115,0.01158944,0.01362041,0.0157673
0.01421137,0.008474175,-0.0004514254,-0.0129173,-0.0261347
-0.03875979,-0.05076528,-0.06143133,-0.06902395,-0.07392009
-0.07688087,-0.07736966,-0.07692023,-0.07677732,-0.07727206
-0.07807746,-0.07836602,-0.07829122,-0.07708205,-0.07491463
-0.07149782,-0.06554022,-0.05877245,-0.05078857,-0.04092049
-0.03162453,-0.02347739,-0.01781737,-0.01414609,-0.01209168
-0.01240809,-0.01188787,-0.01050326,-0.007920062,-0.001929525
0.00641544,0.01727592,0.02977029,0.04111915,0.05145439
0.06056306,0.06559083,0.06438553,0.05718868,0.04639976
0.03380148,0.02116942,0.0110494,0.005543087,0.004508331
0.00613385,0.00993922,0.01406229,0.0181749,0.02160631
0.02281798,0.02323545,0.02285191,0.02185616,0.02170964
0.02354925,0.02683724,0.03081594,0.03553484,0.04039628
0.04525976,0.04881513,0.05080284,0.05329262,0.05611316
0.05809515,0.06034867,0.06300978,0.06564325,0.06844949
0.07125891,0.07326532,0.07478014,0.0762802,0.07615559
0.07532546,0.07451021,0.07369777,0.07308359,0.0720359
0.07119216,0.06974811,0.06690577,0.0639354,0.06125956
0.05849225,0.05541346,0.05353251,0.05276512,0.052637
0.0533179,0.05332753,0.05354618,0.05286684,0.050101
0.04609367,0.04096084,0.0356434,0.03107786,0.02838571
0.02827131,0.02925366,0.03049705,0.03276171,0.03493274
0.03643816,0.03819142,0.03947125,0.04028374,0.0420233
0.04379535,0.04548401,0.04723529,0.04854298,0.0486314
0.04672235,0.04315711,0.03733667,0.03046391,0.023765
0.01813974,0.01493971,0.01469172,0.01633657,0.01962087
0.02461599,0.02881313,0.03281208,0.03715543,0.04052727
0.04282091,0.0440405,0.04530131,0.04618071,0.04595784
0.04600671,0.04694932,0.04755038,0.04746802,0.04732705
0.04595061,0.04343683,0.04059248,0.03671957,0.03203117
0.02739617,0.02301946,0.01816236,0.0134151,0.008942859
0.004001514,0.0001681843,-0.00341709,-0.007175382,-0.009696516
-0.0122526,-0.01539046,-0.01931594,-0.02334531,-0.0268469
-0.03078028,-0.03474088,-0.03739532,-0.03843497,-0.03853344
-0.03815477,-0.03748284,-0.03721542,-0.03824483,-0.04008934
-0.04293218,-0.04672173,-0.05091397,-0.05452155,-0.05752128
-0.06025545,-0.06218123,-0.06433693,-0.06549107,-0.0662974
-0.06816299,-0.06975254,-0.07173796,-0.07403215,-0.0759002
-0.07688119,-0.07722563,-0.07741293,-0.07738068,-0.07749752
-0.07782049,-0.0788936,-0.08056495,-0.08302174,-0.08664376
-0.08964982,-0.09192409,-0.09427206,-0.09571847,-0.09599893
-0.0960079,-0.09675831,-0.09704829,-0.09652117,-0.09611874
-0.09518018,-0.09465305,-0.09529026,-0.09617899,-0.09697621
-0.09747249,-0.09810585,-0.09837984,-0.09780985,-0.09695492
-0.09578649,-0.09530478,-0.09454131,-0.0933276,-0.09250908
-0.09014893,-0.08816721,-0.08633212,-0.08355341,-0.08194969
-0.07967936,-0.07672574,-0.07422093,-0.07066962,-0.06738067
-0.0650111,-0.06166905,-0.05849773,-0.0563203,-0.05422759
-0.05283944,-0.05225933,-0.05182661,-0.05221306,-0.05251495
-0.05144551,-0.04971189,-0.0477571,-0.04622885,-0.04455962
-0.04257374,-0.04149502,-0.04076776,-0.04056647,-0.04094375
-0.04045593,-0.04029377,-0.03997428,-0.03815648,-0.03635011
-0.03456144,-0.03270739,-0.03156938,-0.03094047,-0.03098996
-0.0322867,-0.03371853,-0.03587765,-0.0384388,-0.0407786
-0.04368224,-0.04521334,-0.04589289,-0.04630675,-0.04520785
-0.04312049,-0.0408087,-0.0379697,-0.0350306,-0.03406342
-0.03459163,-0.03515533,-0.03574419,-0.03592134,-0.03545786
-0.0342175,-0.03262161,-0.03059964,-0.02864303,-0.02752386
-0.02558978,-0.02393893,-0.02378383,-0.02418124,-0.02502589
-0.02509776,-0.02485738,-0.02473821,-0.02376646,-0.02314247
-0.02363641,-0.02410902,-0.02459006,-0.02522622,-0.02589468
-0.0267954,-0.02648176,-0.0264775,-0.02748735,-0.02749041
-0.0282654,-0.02880757,-0.02858111,-0.02996378,-0.03124736
-0.03227245,-0.0337237,-0.03465771,-0.03569192,-0.03692312
-0.03743177,-0.03706672,-0.03645187,-0.03637809,-0.03646786
-0.03565029,-0.03493217,-0.03395033,-0.03212563,-0.03195216
-0.03193681,-0.03060544,-0.02921381,-0.02758945,-0.02573177
-0.02291032,-0.02035011,-0.01881962,-0.017061,-0.01753444
-0.02043596,-0.02370494,-0.02784998,-0.03159358,-0.0339084
-0.03566641,-0.03718305,-0.03836066,-0.03906277,-0.03949882
-0.04029713,-0.04113943,-0.04279106,-0.04464114,-0.04450524
-0.04411485,-0.04351758,-0.04153714,-0.03939793,-0.0363979
-0.03275108,-0.02904225,-0.02513827,-0.02092089,-0.01654805
-0.01360008,-0.0112776,-0.009347365,-0.008757371,-0.008533885
-0.008135241,-0.007778128,-0.006150452,-0.003704245,-0.001733028
0.0008669635,0.003513845,0.00551907,0.006511159,0.006220524
0.006389581,0.006851346,0.006366856,0.005843704,0.005992601
0.005965172,0.005140013,0.00403464,0.002500917,0.0007449355
-0.0002884761,-0.001584779,-0.002799092,-0.00275681,-0.002585866
-0.00201523,-0.001261392,-0.0005408926,0.001202615,0.003405345
0.006300137,0.008676761,0.009730492,0.01167071,0.01369298
0.01516835,0.01783838,0.01970676,0.02026566,0.02131408
0.02202878,0.02299885,0.02414359,0.02457115,0.02529681
0.02651434,0.02829313,0.03074152,0.03321343,0.036072
0.03851169,0.04017568,0.04170867,0.04233474,0.0432145
0.04445783,0.04572688,0.04839433,0.05093481,0.05244776
0.05369311,0.05456298,0.05547417,0.05614834,0.05628195
0.05614255,0.05594648,0.05530711,0.05468027,0.05406489
0.05273191,0.05208928,0.0510902,0.04903024,0.04729993
0.04555322,0.0439521,0.04306003,0.04284985,0.04379936
0.04541536,0.04752469,0.05102558,0.05410855,0.05604947
0.0576089,0.0577647,0.05710008,0.05642927,0.05526362
0.05416851,0.05342891,0.05241599,0.05085048,0.04920919
0.0475098,0.04519281,0.04324731,0.04201151,0.04061675
0.03949371,0.03910457,0.03908802,0.03884332,0.03870915
0.03875962,0.03816735,0.03682043,0.03458403,0.03109769
0.02687475,0.0221162,0.01721057,0.01285425,0.008292391
0.004358564,0.001507371,-0.0004410941,-0.001010714,-0.0003555547
0.0008906834,0.00208354,0.003960419,0.005367176,0.005976453
0.006772107,0.007147483,0.007866147,0.008589619,0.008028791
0.007450162,0.007020714,0.005824662,0.004348949,0.002936286
0.001371541,-0.0005446221,-0.00297049,-0.004732398,-0.005411968
-0.005390349,-0.004727911,-0.004011427,-0.002860614,-0.001645927
-0.001078121,-0.0008862751,-0.001415375,-0.003022541,-0.003652354
-0.003021091,-0.001855574,-0.0004258834,0.001342613,0.003860556
0.005645649,0.007182745,0.009947957,0.01299054,0.01447912
0.01524775,0.01613608,0.01736423,0.01856296,0.01961081
0.02080861,0.02071642,0.02018409,0.02002141,0.02000173
0.02125889,0.02338701,0.02579503,0.02774127,0.02894362
0.0303951,0.03079755,0.03003812,0.02906867,0.02755553
0.02604629,0.02530638,0.02449442,0.02301206,0.02218224
0.0217081,0.02094313,0.02102436,0.02124488,0.02156151
0.02233015,0.02306593,0.02450039,0.02651884,0.02863345
0.03016926,0.03172003,0.03311681,0.03372021,0.03531586
0.03717525,0.03847722,0.03989521,0.04150383,0.04237605
0.04274165,0.04321092,0.0430989,0.04299184,0.04234019
0.04115432,0.03952712,0.03699252,0.03476618,0.03320032
0.03141873,0.02998465,0.02997506,0.03027373,0.03039868
0.0306935,0.0305505,0.03078109,0.03190832,0.03375439
0.03431759,0.03424721,0.03532842,0.03464503,0.03359707
0.03287696,0.03088309,0.02966598,0.02914884,0.0287574
0.02922755,0.02996548,0.02989792,0.03022698,0.03099298
0.03100294,0.03115312,0.03153574,0.03219448,0.03262977
0.03289404,0.0330913,0.0334452,0.03413929,0.03415175
0.03404967,0.03332869,0.03179582,0.03002826,0.02802899
0.02632523,0.02498168,0.02420263,0.02331648,0.02222872
0.02100836,0.02007914,0.01958953,0.0187497,0.01797089
0.01611744,0.01353556,0.01182185,0.01049122,0.00852558
0.007053724,0.006779015,0.006433501,0.006222084,0.005820998
0.005543818,0.004570685,0.002515005,0.0002069973,-0.002842365
-0.005637702,-0.008213101,-0.01017577,-0.01122605,-0.01116942
-0.01031589,-0.008643773,-0.007014872,-0.006752656,-0.0067241
-0.007573782,-0.009473246,-0.01205311,-0.01509562,-0.01861807
-0.02137367,-0.02313889,-0.0246935,-0.02474816,-0.02494226
-0.02504543,-0.02396866,-0.02421068,-0.02487973,-0.02561464
-0.02689465,-0.02747799,-0.02796952,-0.02813214,-0.02754636
-0.02680378,-0.02584949,-0.02557985,-0.0249987,-0.02411119
-0.02422882,-0.02364439,-0.0233046,-0.02310548,-0.02301281
-0.02362317,-0.02340777,-0.0225413,-0.02247944,-0.02187039
-0.01965642,-0.01834951,-0.01745975,-0.01607417,-0.01525364
-0.01613063,-0.01750578,-0.01858731,-0.01921829,-0.01945817
-0.01917865,-0.01683188,-0.01450374,-0.01233861,-0.01047646
-0.008881889,-0.006021998,-0.00309616,-0.0003243895,0.002293137
0.005062812,0.008044231,0.01093888,0.01243882,0.01358171
0.01570596,0.01587622,0.01583513,0.0173854,0.01764829
0.01753924,0.01846773,0.0195392,0.02139953,0.02365277
0.02503757,0.02551188,0.02657332,0.02811885,0.02805054
0.02773877,0.02759626,0.02724163,0.02771353,0.02789935
0.02726161,0.02581574,0.02378333,0.02221844,0.02038227
0.01816992,0.01685742,0.01601865,0.01550441,0.01573544
0.0165915,0.01760596,0.0183704,0.01835688,0.01835819
0.01806301,0.01730163,0.01772099,0.01751027,0.01707294
0.01705686,0.01626982,0.01556283,0.01387889,0.01239596
0.0116437,0.009958312,0.007944555,0.005162815,0.002640251
0.0007862604,-0.001930754,-0.0045588,-0.006422867,-0.008136718
-0.009914646,-0.01159882,-0.0135547,-0.01429236,-0.01317495
-0.01263785,-0.0109383,-0.008785604,-0.008240428,-0.00835847
-0.009446952,-0.009812651,-0.01032604,-0.01239485,-0.01370248
-0.01462998,-0.01549748,-0.0149223,-0.01412958,-0.01440252
-0.01485358,-0.01428487,-0.01423768,-0.01557767,-0.01659672
-0.0171045,-0.01755889,-0.0166247,-0.01361329,-0.009538927
-0.005629379,-0.002006297,0.0001362423,-0.0005879739,-0.002020437
-0.003946074,-0.007563148,-0.01147951,-0.01421406,-0.01693356
-0.01921602,-0.01966461,-0.02033402,-0.02115134,-0.02154578
-0.02293098,-0.02482548,-0.02639532,-0.027364,-0.02795737
-0.02806743,-0.02707871,-0.02585996,-0.02500433,-0.02488383
-0.02453654,-0.02415559,-0.02438133,-0.02383514,-0.02317743
-0.02319182,-0.02218369,-0.02009084,-0.01798061,-0.01476663
-0.01134831,-0.008222356,-0.005056522,-0.001850844,0.001430932
0.004144141,0.007244983,0.01046766,0.01221338,0.01460254
0.0176075,0.01820799,0.01803625,0.01803083,0.01734446
0.01644501,0.01606037,0.01558183,0.01420764,0.01449251
0.01542685,0.01530104,0.0160183,0.01651836,0.01638317
0.01608519,0.01527364,0.01410902,0.01291831,0.01182505
0.01054533,0.009311356,0.00868954,0.007527261,0.006150392
0.006655481,0.007291015,0.00754621,0.008642651,0.009265436
0.008616247,0.008607827,0.01034525,0.0111571,0.01236738
0.01509172,0.01684474,0.01920113,0.02167383,0.02253267
0.02282115,0.02235496,0.02017627,0.01743715,0.01511527
0.01235744,0.009549471,0.007442576,0.006965002,0.006996083
0.007790754,0.01045135,0.01261172,0.01566715,0.01932965
0.02214592,0.02477416,0.02638744,0.02611755,0.02533667
0.02530553,0.0243199,0.02293367,0.02138634,0.0190171
0.01680991,0.01471878,0.01256782,0.01128278,0.01088668
0.01072662,0.01033958,0.009669133,0.008311493,0.006939611
0.005720431,0.004337604,0.003971643,0.004181989,0.004183616
0.003322974,0.002467223,0.001485917,-0.0003846086,-0.001752201
-0.003722726,-0.006591821,-0.008317681,-0.009073114,-0.009692932
-0.009932568,-0.0100555,-0.01059751,-0.01100906,-0.0114072
-0.01094574,-0.00909796,-0.006746042,-0.003030855,0.001466607
0.00590853,0.00985693,0.01226694,0.01310629,0.01271142
0.01057665,0.007867706,0.005591535,0.002985861,0.001147277
0.0001472792,-0.0003188245,0.00028444,0.001172435,0.002002749
0.00338611,0.004788209,0.005553607,0.006643825,0.008272344
0.01013089,0.01200353,0.01380121,0.01593588,0.01751993
0.01836796,0.01818097,0.016087,0.01295936,0.009334245
0.005520601,0.003327393,0.001833876,-0.0004283106,-0.002160324
-0.003454495,-0.004310044,-0.004228599,-0.003841742,-0.00289351
-0.0004486204,0.002377899,0.005905707,0.01080052,0.01584036
0.02022854,0.0230266,0.02469087,0.0247378,0.02271601
0.02003309,0.01719735,0.01446873,0.01292684,0.01283341
0.0133632,0.01417076,0.01529408,0.01584734,0.01638529
0.01798593,0.01939268,0.02114307,0.02393942,0.02778451
0.03215135,0.03612267,0.03993575,0.04242156,0.04340865
0.04351513,0.04190097,0.03884122,0.03427879,0.02935588
0.02538469,0.0219571,0.01988878,0.01823992,0.01574694
0.01284738,0.01075388,0.009427995,0.008855366,0.009675007
0.01145335,0.014055,0.01723592,0.02094613,0.02465907
0.02701254,0.02794825,0.02815119,0.02712761,0.02496109
0.02240179,0.02027695,0.0178416,0.01476005,0.01263464
0.0105192,0.007952932,0.005921951,0.004063922,0.002473712
0.001691342,0.001581467,0.001822037,0.003268749,0.00651255
0.01006553,0.01414179,0.01913851,0.02278983,0.02477561
0.02557282,0.02449787,0.02237224,0.02031636,0.01871029
0.0185024,0.01920086,0.019757,0.02116069,0.02228425
0.02291457,0.02432282,0.02391356,0.02225693,0.02084783
0.01849717,0.0164599,0.01491922,0.01275278,0.01069429
0.008823865,0.007365365,0.007140364,0.006916303,0.007191242
0.009351443,0.01144559,0.01325035,0.01584343,0.0178048
0.01903644,0.01980487,0.02021147,0.01953007,0.01700857
0.01487216,0.0124958,0.00970081,0.008856999,0.009246428
0.009655448,0.009719897,0.009746095,0.00947553,0.008365383
0.007817972,0.006852887,0.004890152,0.003756128,0.002720824
0.001955742,0.002501512,0.002925508,0.003154831,0.004239093
0.004868237,0.005314542,0.00732997,0.01027056,0.01286459
0.015539,0.01840216,0.02009841,0.02042859,0.0192458
0.01763514,0.01697778,0.0165054,0.01611215,0.01564077
0.01602045,0.01660995,0.0162265,0.01680971,0.01773104
0.01743784,0.01706464,0.01630173,0.01403259,0.01124369
0.007946226,0.002934064,-0.003073752,-0.008510617,-0.01374469
-0.01808397,-0.02078992,-0.02307258,-0.02531225,-0.02646733
-0.02638276,-0.02664274,-0.02681272,-0.02612937,-0.0259201
-0.02596903,-0.02566894,-0.02541043,-0.02457796,-0.02422985
-0.02435998,-0.02349336,-0.02277758,-0.02267703,-0.02276327
-0.02303856,-0.02395507,-0.02558699,-0.02665913,-0.0274654
-0.02846008,-0.02897028,-0.02982935,-0.03087297,-0.03154956
-0.03289031,-0.03409271,-0.03473236,-0.03437795,-0.03292835
-0.0316275,-0.02895367,-0.02592884,-0.02396078,-0.02205376
-0.02070495,-0.01986077,-0.01949072,-0.01988973,-0.0213685
-0.02357484,-0.02580879,-0.0281305,-0.02993298,-0.03155273
-0.03372109,-0.03515228,-0.03573339,-0.03629734,-0.03614987
-0.03526776,-0.03521535,-0.03585112,-0.03613793,-0.03732777
-0.03892872,-0.03973705,-0.04147222,-0.04310646,-0.04364806
-0.04506817,-0.04615341,-0.04655015,-0.04760086,-0.0483541
-0.04874345,-0.04924704,-0.04925166,-0.04939067,-0.04987172
-0.0491762,-0.04777382,-0.04640537,-0.04456599,-0.04270628
-0.04098052,-0.0397331,-0.03856061,-0.03694301,-0.03582323
-0.03559271,-0.03563255,-0.03582806,-0.03687993,-0.03703478
-0.03657289,-0.03697305,-0.03726308,-0.03786455,-0.03884516
-0.03956454,-0.04018518,-0.04069721,-0.04166271,-0.04258363
-0.04279909,-0.04352528,-0.04446954,-0.04461737,-0.04474895
-0.04519075,-0.04481642,-0.04450861,-0.0446179,-0.04419681
-0.04410272,-0.04441253,-0.04367095,-0.04327097,-0.044174
-0.04430411,-0.04421767,-0.04486144,-0.0452694,-0.04517962
-0.04451119,-0.04336912,-0.04184863,-0.03927837,-0.03685717
-0.03432861,-0.03054878,-0.02653786,-0.02296001,-0.02041097
-0.01855634,-0.01761812,-0.01745274,-0.01690627,-0.01636792
-0.01679728,-0.01737647,-0.01720864,-0.01730106,-0.01786258
-0.01841069,-0.01883258,-0.01961674,-0.02051225,-0.02060695
-0.02076975,-0.02159547,-0.02157605,-0.02114639,-0.02085843
-0.02014985,-0.01963805,-0.0196373,-0.01969934,-0.01927791
-0.01852478,-0.01709721,-0.01528024,-0.01381232,-0.01254274
-0.01142798,-0.01044027,-0.009282988,-0.008456914,-0.007778785
-0.007045628,-0.007363592,-0.00792588,-0.008281285,-0.009017762
-0.008432822,-0.006382633,-0.004693026,-0.00224429,0.001363198
0.004207858,0.007053328,0.01010205,0.01209244,0.01309658
0.01303899,0.0117641,0.01043254,0.009697457,0.007858791
0.006217847,0.005305945,0.0043754,0.004382531,0.003999481
0.003772126,0.004262339,0.004611243,0.004213104,0.002858397
0.001932576,0.0005849283,-0.001133792,-0.001589094,-0.00157922
-0.0009069191,0.0009064222,0.002806955,0.004874333,0.007040259
0.00837304,0.008841715,0.008970557,0.009641829,0.009891678
0.009414829,0.009984197,0.01087516,0.01156825,0.01313675
0.01467667,0.01550205,0.01620326,0.01611413,0.0146548
0.01249212,0.01024587,0.008056304,0.005617342,0.003046055
0.001743965,0.0008799944,-0.0007635196,-0.001510559,-0.001649764
-0.001941791,-0.001441319,-0.0001855729,0.001116805,0.002480833
0.00439484,0.005251104,0.004709151,0.004748963,0.004929979
0.00506922,0.005469954,0.00669913,0.008761493,0.0106676
0.01245137,0.01320414,0.01292727,0.01133618,0.007567462
0.002846247,-0.002288915,-0.007925467,-0.01207078,-0.0134636
-0.01350313,-0.01198622,-0.008842216,-0.005407116,-0.001712963
0.0008525578,0.001253745,-0.0003874519,-0.003639531,-0.007263734
-0.01139151,-0.01541774,-0.01801783,-0.01887944,-0.01798855
-0.0159131,-0.01272304,-0.00885578,-0.005502915,-0.003155645
-0.001631359,-0.0006108626,-0.0001142679,0.0005628557,0.001827784
0.003609892,0.005942178,0.008911161,0.01205506,0.01477803
0.01722036,0.01910046,0.02013716,0.02027688,0.01940891
0.01724368,0.01477164,0.01292214,0.01223715,0.01285085
0.01423296,0.01597438,0.01734939,0.01801255,0.01787743
0.0166329,0.01458844,0.01206272,0.008410979,0.004021387
0.0001041355,-0.002863189,-0.005215622,-0.006404673,-0.006532595
-0.006479028,-0.00601678,-0.004976499,-0.004050597,-0.003216742
-0.001992903,-0.001076537,-0.0004145972,-0.0004194593,-0.0002723745
0.00114488,0.002724283,0.005225192,0.008643393,0.01221403
0.01566162,0.01853153,0.02139786,0.02378612,0.0250314
0.02543975,0.02554108,0.02539638,0.02519552,0.02514677
0.02536639,0.02605172,0.02603201,0.02504108,0.0234895
0.0212745,0.01956314,0.01810627,0.01739206,0.01810624
0.01764312,0.01646566,0.01576977,0.01419711,0.0128861
0.01225288,0.01161398,0.01242472,0.01416743,0.01603629
0.01856036,0.02100639,0.02292563,0.02460222,0.02630232
0.02789293,0.02922365,0.03028767,0.03112569,0.03205443
0.0323957,0.03225651,0.03196476,0.03127581,0.03086003
0.03049826,0.0297602,0.02845592,0.02668696,0.02464308
0.02289358,0.02188255,0.02091114,0.01972338,0.01860118
0.01699323,0.01479756,0.01315495,0.01179598,0.0106273
0.01017215,0.01044833,0.01068856,0.01018604,0.009413151
0.008210775,0.007097475,0.006065818,0.004923947,0.00415772
0.003529176,0.003159436,0.002566816,0.002100086,0.002155037
0.001962654,0.002034694,0.002485483,0.002828303,0.003713533
0.005001446,0.00558592,0.005382943,0.004166923,0.00170691
-0.001212917,-0.004498697,-0.007144879,-0.009252022,-0.01192922
-0.01422375,-0.01711873,-0.0204982,-0.0236511,-0.02674423
-0.02876663,-0.02969242,-0.03004083,-0.02956844,-0.02771281
-0.02532652,-0.02255175,-0.01919779,-0.01552442,-0.01156294
-0.008695774,-0.006956742,-0.005825784,-0.005973307,-0.006316058
-0.006594773,-0.007366868,-0.007643935,-0.007557693,-0.008182555
-0.008848844,-0.009495839,-0.01122352,-0.01295104,-0.01433358
-0.01639156,-0.01868397,-0.02053457,-0.02178526,-0.02235904
-0.02239241,-0.02151196,-0.02006401,-0.01865495,-0.01680097
-0.01519696,-0.01384151,-0.01286525,-0.01302867,-0.01338169
-0.01356247,-0.01382642,-0.01354198,-0.01272685,-0.01210389
-0.01177269,-0.01175723,-0.01244229,-0.01338823,-0.01434282
-0.01600338,-0.0176458,-0.01866965,-0.01924431,-0.01962771
-0.02002862,-0.02035578,-0.02105083,-0.02235478,-0.02413846
-0.02595441,-0.02719871,-0.02762409,-0.02707491,-0.02613599
-0.0254034,-0.02466955,-0.02409291,-0.02346599,-0.0227681
-0.02282038,-0.02372214,-0.02501913,-0.02636547,-0.0275156
-0.02833667,-0.0282826,-0.02735816,-0.02652476,-0.02578959
-0.02522836,-0.02532903,-0.02563808,-0.02547666,-0.02474216
-0.02363827,-0.0213795,-0.01857583,-0.01571831,-0.01186806
-0.008165534,-0.004935174,-0.002434938,-0.001079568,-0.0005518828
-0.0004797463,-0.0003469503,-0.0003371943,0.0003502085,0.001122549
0.001311969,0.001808,0.002259591,0.001909877,0.001045449
0.0005743529,0.000281929,0.0001550106,0.0007769656,0.00121965
0.001002317,0.001093402,0.001814633,0.002442338,0.002945095
0.004064008,0.005162494,0.005454403,0.005522767,0.006084944
0.006786712,0.007313201,0.007711752,0.007310638,0.005774399
0.004046454,0.002226023,-0.0003801117,-0.00309633,-0.00522921
-0.006273752,-0.00688232,-0.007290125,-0.006626341,-0.005795484
-0.005252329,-0.004886684,-0.004880713,-0.004917432,-0.004608241
-0.003772453,-0.002836192,-0.001376446,0.0007513738,0.002182544
0.002794505,0.002220506,-0.0001232044,-0.003145132,-0.006802056
-0.01074175,-0.01406196,-0.01671208,-0.01801488,-0.01846138
-0.0180636,-0.01681762,-0.01591721,-0.01528595,-0.01508326
-0.01502788,-0.01449227,-0.01363314,-0.01209699,-0.01012992
-0.008283918,-0.006295942,-0.004141683,-0.001756758,0.0006049042
0.002354498,0.003870157,0.005179452,0.006181262,0.007911591
0.01036811,0.01297625,0.01581666,0.01845583,0.02045259
0.02182009,0.02220895,0.02173085,0.02111023,0.01974541
0.01794836,0.01667045,0.01541142,0.01449811,0.0134712
0.0122862,0.01187655,0.01179654,0.01246537,0.01332036
0.01385078,0.0146597,0.01482465,0.01459035,0.01366457
0.01163223,0.009175781,0.006201089,0.003113797,0.0006164101
-0.0003923589,-8.556177e-05,0.001384643,0.004251769,0.007816878
0.01132458,0.01427095,0.01615563,0.01641082,0.01560286
0.01493136,0.01437598,0.01398082,0.01439513,0.01553437
0.01713179,0.01894875,0.02073732,0.02170637,0.02160304
0.02101205,0.01968775,0.01811256,0.01684909,0.01576065
0.01493349,0.01413859,0.01326106,0.01244096,0.01170891
0.01122286,0.01068277,0.009936655,0.009437582,0.008908035
0.00841946,0.00792596,0.007274323,0.006776685,0.006542779
0.006496573,0.006487026,0.006664387,0.006913101,0.0072369
0.007361887,0.007118559,0.00704757,0.006735273,0.005917949
0.005352961,0.005061613,0.005290326,0.006127369,0.007001555
0.008273692,0.01009833,0.01242207,0.01510715,0.01771932
0.01964478,0.02052321,0.02071298,0.02033397,0.01983668
0.01948338,0.01901958,0.01870411,0.01860457,0.01863612
0.01868143,0.01849772,0.01814089,0.01749806,0.01692951
0.01697566,0.01745842,0.01856379,0.01992593,0.02103564
0.02210982,0.02275972,0.02241635,0.02071291,0.01799806
0.01449037,0.01027068,0.006539762,0.003861126,0.001446532
-0.00039016,-0.001252919,-0.001871299,-0.002052434,-0.001664717
-0.0007510947,0.0008408269,0.002716066,0.00483999,0.007167905
0.009943889,0.0126997,0.01477642,0.01699803,0.01840281
0.018192,0.01755455,0.01678372,0.01575678,0.01485256
0.01387519,0.0125302,0.01119845,0.00969619,0.008054462
0.007082527,0.007205906,0.00829107,0.0101824,0.01248396
0.01494659,0.01725277,0.01907713,0.02053021,0.02149326
0.02175241,0.02136553,0.02095699,0.02054907,0.02058355
0.02150649,0.02191041,0.02135761,0.01995747,0.01742744
0.01464512,0.01226151,0.01059143,0.009588792,0.009040846
0.009499043,0.01055755,0.01135734,0.01185188,0.01265043
0.013557,0.01381299,0.01369261,0.01285528,0.01148017
0.01037857,0.009534545,0.00909147,0.008396702,0.00661324
0.004262214,0.002083457,0.0003136587,-0.001217323,-0.002433643
-0.003202033,-0.003220835,-0.002284967,-0.001071527,2.488572e-05
0.001195732,0.002327121,0.003512422,0.005210092,0.007102814
0.008855976,0.01019971,0.01068469,0.0103452,0.008984185
0.006724911,0.004179426,0.001601247,-0.0005843959,-0.00250429
-0.004190459,-0.004991281,-0.005105302,-0.005008604,-0.005030202
-0.00526398,-0.005849984,-0.007271901,-0.009054159,-0.0107287
-0.01198534,-0.01264436,-0.01274761,-0.01225018,-0.01131361
-0.01013343,-0.009017811,-0.008027404,-0.007202096,-0.006296816
-0.005152119,-0.003635209,-0.001834447,0.0002131111,0.00267142
0.005286717,0.007045249,0.007405353,0.006913336,0.005545078
0.003548098,0.001439941,-0.0004050803,-0.002200066,-0.004339236
-0.006144064,-0.00822648,-0.01133562,-0.01470613,-0.01792117
-0.02044263,-0.02227524,-0.02304299,-0.02221248,-0.02062519
-0.01872313,-0.01664674,-0.01509702,-0.01397203,-0.01291055
-0.01268757,-0.01340771,-0.01436091,-0.0156421,-0.01765241
-0.01970061,-0.02159502,-0.02344537,-0.02441382,-0.02453574
-0.02420752,-0.02377988,-0.02354562,-0.02338976,-0.02307377
-0.02242054,-0.02190365,-0.02159403,-0.0212971,-0.02139358
-0.02160144,-0.02090768,-0.0196949,-0.01904297,-0.01877098
-0.01860413,-0.018246,-0.01762279,-0.01727706,-0.01700694
-0.01669355,-0.01633472,-0.01559459,-0.01481481,-0.01439784
-0.01391978,-0.01330148,-0.01309124,-0.01278108,-0.0124133
-0.01199707,-0.01133294,-0.01062382,-0.0095235,-0.008867037
-0.009029398,-0.01002765,-0.01177498,-0.01366041,-0.01547322
-0.01660132,-0.01666481,-0.01554231,-0.01367292,-0.01146635
-0.008887067,-0.006542752,-0.005076978,-0.00437043,-0.004311545
-0.004863585,-0.005624271,-0.006880131,-0.00860188,-0.0101611
-0.01137062,-0.01237582,-0.01328709,-0.01396459,-0.01445724
-0.01456322,-0.01392982,-0.01271459,-0.01131886,-0.009746102
-0.008181122,-0.007145287,-0.006514656,-0.006302223,-0.006618164
-0.007281595,-0.008120312,-0.008969065,-0.00963835,-0.01034725
-0.01122431,-0.01171837,-0.01254191,-0.0142754,-0.01630317
-0.01839575,-0.02004406,-0.02099224,-0.02121766,-0.02069154
-0.02030755,-0.02004196,-0.0196041,-0.01928534,-0.01879265
-0.01814129,-0.01780721,-0.01825458,-0.01886454,-0.01925774
-0.020231,-0.0215126,-0.02245451,-0.02338792,-0.02414138
-0.02415458,-0.02388974,-0.02359963,-0.02311827,-0.02257012
-0.02163207,-0.02046413,-0.01935927,-0.01809632,-0.01683094
-0.01521522,-0.01280875,-0.009853541,-0.007081212,-0.00538372
-0.004482336,-0.003721813,-0.003332668,-0.003568733,-0.00460018
-0.006088256,-0.007856328,-0.01004009,-0.01206915,-0.01403101
-0.01579616,-0.0170385,-0.01810061,-0.01884255,-0.01898265
-0.01900639,-0.01945357,-0.01988984,-0.02053696,-0.02166096
-0.02260992,-0.02302263,-0.0227085,-0.02180673,-0.02050643
-0.01893984,-0.01742315,-0.01606272,-0.01497081,-0.01426194
-0.01384888,-0.01341164,-0.01256982,-0.01158713,-0.01066982
-0.009834696,-0.009426162,-0.009126328,-0.008548033,-0.008032062
-0.007723153,-0.007364264,-0.007248707,-0.007577335,-0.008183375
-0.008939276,-0.009552568,-0.009845398,-0.009573073,-0.008856551
-0.008286271,-0.008023435,-0.007673134,-0.006989831,-0.005976884
-0.004695224,-0.003341336,-0.001764503,0.0001374517,0.001708534
0.002930112,0.004015774,0.004762259,0.005720777,0.006965761
0.007826768,0.008401397,0.009034092,0.009796617,0.01073241
0.01179336,0.01266934,0.01327324,0.01398463,0.01468265
0.01526824,0.01596575,0.0165552,0.01695606,0.01753651
0.01822755,0.01838214,0.01812385,0.01764813,0.01682812
0.01609397,0.01544524,0.01513532,0.0153701,0.01583855
0.01656442,0.01741094,0.01853392,0.02001964,0.02167472
0.02351557,0.02549619,0.02752693,0.02901231,0.02965994
0.02952163,0.02870496,0.02794571,0.02678551,0.02504352
0.02349403,0.02205186,0.02069992,0.0196216,0.01886001
0.01833452,0.01812608,0.01798262,0.01742474,0.01681474
0.01622363,0.01552463,0.01504517,0.01470505,0.01471895
0.01489479,0.01501999,0.01534813,0.01534729,0.01493676
0.01440173,0.01347961,0.0123838,0.01169229,0.01107963
0.01079616,0.01100909,0.01100265,0.01123088,0.01182543
0.01228193,0.01297484,0.0142274,0.01569051,0.01715328
0.01779495,0.0173022,0.01600937,0.0132344,0.009533068
0.00597222,0.002832226,0.0004718936,-0.001145615,-0.001995143
-0.001573592,-0.0001086357,0.002010596,0.004227144,0.005366858
0.005873178,0.005800822,0.004917433,0.004299554,0.003989882
0.004178672,0.005102182,0.006170444,0.007105591,0.007594825
0.00766712,0.007618189,0.007588976,0.007380277,0.006879094
0.006226538,0.004853365,0.003268131,0.00214676,0.0007451644
-0.001160255,-0.003385918,-0.005655764,-0.007299908,-0.0078993
-0.00801388,-0.008176442,-0.008177341,-0.008193675,-0.008536512
-0.009280381,-0.01042846,-0.01157996,-0.01223527,-0.01180797
-0.01064626,-0.00872483,-0.005507276,-0.002004074,0.001446221
0.00461032,0.006633338,0.007519098,0.007696223,0.0075197
0.007283003,0.007614539,0.008816968,0.01011502,0.01163915
0.01322957,0.01413298,0.01540559,0.01657223,0.01652092
0.01578084,0.01489166,0.01409327,0.01303775,0.01149149
0.009553371,0.007416788,0.005396055,0.004434779,0.004549963
0.005023736,0.0056871,0.005927275,0.005789742,0.005654654
0.004977736,0.003155568,0.0009075026,-0.001054221,-0.003057401
-0.004344449,-0.0045594,-0.004580013,-0.003966477,-0.002702566
-0.001840031,-0.001163743,-0.0002243849,0.0003578868,0.000342577
0.000362493,0.0004089004,0.0003594061,0.0005431846,0.0007244504
0.0007909379,0.0008591604,0.0005418852,-0.0001662789,-0.0004327201
-0.000122804,-6.376611e-05,-0.0003401196,-0.0008010865,-0.001683652
-0.002422303,-0.003009609,-0.003583143,-0.003483202,-0.002797519
-0.001392787,0.0008331797,0.002713675,0.004040768,0.005500582
0.006720192,0.007164708,0.006834539,0.0059644,0.004681603
0.002957923,0.0008949983,-0.0007394773,-0.001579758,-0.001348876
-0.000605754,-0.0006465968,-0.001189077,-0.002184085,-0.003446115
-0.005068039,-0.007046494,-0.008600629,-0.009832573,-0.01086818
-0.011289,-0.01115288,-0.01061404,-0.009609048,-0.009041036
-0.008511775,-0.007834142,-0.007921211,-0.008523924,-0.009158521
-0.009620965,-0.009660518,-0.009124023,-0.008599171,-0.007980054
-0.007104088,-0.006457019,-0.005662459,-0.004728044,-0.004414028
-0.003996148,-0.002883147,-0.001587969,0.0004043992,0.002703892
0.004459312,0.005879484,0.006783735,0.007250192,0.00784563
0.008551506,0.009138301,0.009905143,0.01024868,0.01027258
0.01041515,0.01015152,0.009754678,0.009143799,0.008199154
0.006970024,0.006200802,0.006165729,0.006466134,0.00718961
0.007888381,0.008386184,0.008565623,0.007927716,0.007122659
0.006666089,0.005542118,0.004249968,0.003215914,0.002389951
0.002330111,0.002722967,0.003802782,0.00537882,0.006662304
0.007925959,0.008466438,0.008501215,0.00946877,0.009877437
0.009297324,0.008727162,0.008207719,0.008088635,0.008392815
0.008828302,0.009014452,0.008443675,0.007729272,0.007586562
0.006830272,0.005747598,0.005352129,0.004878031,0.004470166
0.004242174,0.00384221,0.003570718,0.003350319,0.003120687
0.002902572,0.002507181,0.00164485,0.0008362011,0.001023353
0.001748713,0.001871407,0.00175869,0.002361806,0.003560642
0.004844671,0.00591777,0.006414385,0.006293243,0.005773723
0.005039395,0.00450506,0.003608744,0.002495443,0.002301385
0.002606373,0.003045167,0.00369782,0.003732473,0.003304134
0.003354463,0.004135327,0.005463228,0.00639063,0.006480573
0.006792274,0.00768053,0.008699875,0.00981541,0.01116915
0.01233591,0.01287711,0.01344734,0.01388592,0.01439719
0.01529251,0.01604613,0.01694994,0.01735015,0.01734994
0.0178503,0.01828354,0.01866861,0.01898327,0.01900084
0.0191986,0.01973525,0.020285,0.02091569,0.02197581
0.0229218,0.02323542,0.02347114,0.02402781,0.02424344
0.02397666,0.02309111,0.02221147,0.02180169,0.02093815
0.02063544,0.02092337,0.02103115,0.02163787,0.02202451
0.02237429,0.02283762,0.02270514,0.02304467,0.02343467
0.02367095,0.02398488,0.02408523,0.02475698,0.02525355
0.02511169,0.02488053,0.02452344,0.02378548,0.02274658
0.02196454,0.02112644,0.01978156,0.01877574,0.01805873
0.01697965,0.01614805,0.01539077,0.01452851,0.01434921
0.01448614,0.01410173,0.01403263,0.01446706,0.01418696
0.01393367,0.01365371,0.01249403,0.01215856,0.01250934
0.01240692,0.01186689,0.01135022,0.01155742,0.012168
0.01270469,0.01289959,0.01332335,0.01350128,0.01307407
0.01249173,0.01139683,0.0102519,0.008999287,0.007826553
0.007116803,0.006370074,0.006115616,0.006442836,0.006961519
0.007644558,0.008104959,0.00907686,0.009611022,0.008545104
0.007822176,0.007387357,0.007201091,0.007805072,0.009071438
0.01049723,0.01140299,0.01247453,0.01356359,0.01481002
0.01564561,0.01635915,0.01786029,0.01833036,0.01807216
0.01826462,0.01780931,0.01702339,0.01700388,0.01689678
0.01660601,0.01628928,0.01563492,0.01545106,0.01572845
0.01618448,0.01625593,0.01607162,0.01597454,0.01611034
0.01657219,0.01607015,0.0153611,0.0149244,0.01352449
0.01183941,0.01059886,0.00947044,0.008422069,0.008097984
0.008494711,0.008917934,0.009749734,0.01126494,0.01249332
0.01308533,0.01391536,0.01454549,0.01494133,0.0152568
0.01448781,0.01374358,0.01339717,0.01278388,0.0127726
0.01287649,0.01234954,0.01251365,0.01312975,0.01317364
0.01346703,0.01451456,0.01536202,0.01598215,0.0165907
0.0162501,0.01585367,0.01521955,0.01417819,0.01386442
0.01375663,0.01331451,0.01276282,0.01236767,0.01203741
0.01197254,0.01145082,0.0107623,0.01076634,0.01015966
0.009136549,0.008379057,0.007672961,0.007533329,0.007570627
0.007859616,0.008142071,0.007859698,0.007857491,0.00783604
0.007840047,0.008040925,0.007866889,0.007583813,0.007387276
0.006513065,0.005795055,0.005610014,0.004896197,0.004242761
0.00358504,0.003016178,0.002980924,0.003606072,0.004657839
0.005397677,0.005661116,0.0055164,0.005436048,0.005025953
0.003870776,0.002836222,0.002063273,0.001837291,0.0023029
0.002791389,0.002655233,0.001949993,0.00171312,0.001322946
0.0009918781,0.00119781,0.000650425,0.0002547085,0.000891477
0.001500889,0.002022218,0.002976945,0.003332026,0.003140384
0.002835661,0.001993064,0.00146753,0.001511845,0.00169762
0.00200717,0.002211656,0.002195915,0.001913074,0.001273093
0.000882239,0.0004468763,6.948423e-06,0.0004822729,0.0009749576
0.001470812,0.002512945,0.003717382,0.005062934,0.005608842
0.005657759,0.005975618,0.005631432,0.005213892,0.005076722
0.00514307,0.005549247,0.005440374,0.005318119,0.005109122
0.003787037,0.002013457,0.0005722254,-0.001214844,-0.002816369
-0.00345416,-0.004111656,-0.004802345,-0.005245486,-0.005898789
-0.006531866,-0.007100116,-0.008029808,-0.008831086,-0.009610221
-0.01057539,-0.01156422,-0.01243902,-0.01363991,-0.0153749
-0.0165697,-0.01761858,-0.01849625,-0.01875652,-0.01853097
-0.01836628,-0.01786026,-0.01643077,-0.01540052,-0.01435857
-0.01294239,-0.01183888,-0.01085097,-0.009708247,-0.009057508
-0.009173242,-0.009226885,-0.00907458,-0.009464494,-0.01077172
-0.0121116,-0.01313498,-0.01396359,-0.01437774,-0.01463425
-0.01486372,-0.0152814,-0.01565084,-0.01569244,-0.01583584
-0.01668417,-0.01790253,-0.01871072,-0.019294,-0.01971524
-0.02044784,-0.02140731,-0.02150049,-0.02053852,-0.0192171
-0.01841601,-0.0178992,-0.01729207,-0.01725024,-0.01656042
-0.01517504,-0.01484454,-0.01456813,-0.01387551,-0.01340631
-0.01288795,-0.01210519,-0.01118386,-0.01029246,-0.01002171
-0.01038528,-0.01059884,-0.01084393,-0.01161472,-0.01284701
-0.01402853,-0.01522994,-0.01626341,-0.01695097,-0.01733635
-0.016909,-0.01641599,-0.01566406,-0.01459866,-0.01408383
-0.01436672,-0.01530096,-0.01614545,-0.01723293,-0.01833685
-0.01949054,-0.0208254,-0.02167687,-0.02299587,-0.02404703
-0.02352543,-0.02348958,-0.02342453,-0.02244013,-0.02224614
-0.0219397,-0.02134305,-0.02128389,-0.02119133,-0.02134106
-0.02216072,-0.02314433,-0.02351929,-0.02316224,-0.02277424
-0.022429,-0.02216629,-0.02217369,-0.02228982,-0.02282435
-0.02312936,-0.02279249,-0.02234737,-0.02191616,-0.02158574
-0.02119685,-0.02080476,-0.02111885,-0.02153205,-0.02092499
-0.02020263,-0.019527,-0.01863722,-0.01837128,-0.01815455
-0.01720935,-0.01645534,-0.01617923,-0.01643432,-0.01732627
-0.0176924,-0.01742059,-0.0174392,-0.01711853,-0.01634191
-0.01584141,-0.01513613,-0.01464946,-0.01514038,-0.01616726
-0.01682196,-0.01734967,-0.01800383,-0.0184701,-0.01883723
-0.01863428,-0.01866793,-0.01867526,-0.01806613,-0.01827295
-0.01871619,-0.01896798,-0.01880133,-0.01856094,-0.0185908
-0.01726418,-0.01549045,-0.01397988,-0.01243752,-0.01153285
-0.01042285,-0.009723352,-0.009936067,-0.009744947,-0.009414583
-0.009402323,-0.009533935,-0.009602659,-0.009608563,-0.009915384
-0.01041714,-0.01031022,-0.01008276,-0.009994016,-0.01021169
-0.01080754,-0.01139875,-0.01270635,-0.01406332,-0.01532992
-0.01691965,-0.01812945,-0.01887801,-0.01929742,-0.01901389
-0.01817113,-0.01750376,-0.01642607,-0.01502263,-0.01451081
-0.01448806,-0.01420391,-0.01439845,-0.01525453,-0.01614915
-0.01693128,-0.01693813,-0.01706645,-0.01759953,-0.01711791
-0.01658929,-0.01681089,-0.01671139,-0.01601359,-0.01561006
-0.01517571,-0.01446434,-0.01436662,-0.01447941,-0.01465933
-0.01440307,-0.01391077,-0.01409167,-0.01414514,-0.01481134
-0.01579847,-0.01629247,-0.01698166,-0.01779921,-0.01855623
-0.01885113,-0.0191411,-0.01928934,-0.01965849,-0.02025424
-0.01981259,-0.01891747,-0.01776998,-0.01672739,-0.01611711
-0.01569124,-0.01534031,-0.01445399,-0.01372486,-0.01275278
-0.01100692,-0.01039438,-0.01013072,-0.008890513,-0.007870864
-0.007244689,-0.006964478,-0.006641276,-0.005926606,-0.005872101
-0.006099532,-0.005837009,-0.005791675,-0.006488211,-0.006293779
-0.0056236,-0.006098424,-0.006022493,-0.006394499,-0.007132398
-0.007438314,-0.009083997,-0.01005821,-0.0103902,-0.01080672
-0.01004651,-0.009495102,-0.00934401,-0.008829636,-0.008386126
-0.00858566,-0.009406464,-0.009415962,-0.00917588,-0.00959246
-0.009259277,-0.00924678,-0.008957759,-0.007732022,-0.007752866
-0.008015147,-0.008150172,-0.008570648,-0.008862399,-0.009299907
-0.009971515,-0.01053927,-0.01062446,-0.01002642,-0.009048081
-0.008919496,-0.008671352,-0.007950644,-0.007362571,-0.00657121
-0.005621416,-0.004887227,-0.00449954,-0.00385836,-0.003585801
-0.004514125,-0.005430657,-0.005923224,-0.007514289,-0.009169161
-0.01023468,-0.01105894,-0.01148934,-0.01174206,-0.01124499
-0.01024908,-0.009562922,-0.009679737,-0.01037482,-0.01085789
-0.01148201,-0.01261112,-0.01304178,-0.01292561,-0.01266975
-0.0121204,-0.01173483,-0.01102298,-0.0101661,-0.008842868
-0.007216695,-0.006010695,-0.005546452,-0.005551779,-0.004403872
-0.003486841,-0.002875749,-0.001415419,-0.0001907769,-3.858085e-05
-0.0002507567,0.0005804697,0.001355127,0.002589068,0.004344783
0.004901933,0.005383085,0.006526788,0.007556362,0.007922669
0.008170064,0.009033252,0.01004405,0.009970933,0.009748948
0.01113153,0.01251376,0.01298784,0.01383149,0.01405131
0.01346704,0.01360955,0.01351455,0.01344469,0.01372174
0.01410712,0.01468045,0.01446036,0.01453033,0.01477398
0.01483579,0.01505972,0.01450159,0.01380374,0.01363559
0.01390072,0.01443648,0.01513827,0.01559023,0.01498818
0.01343124,0.01180314,0.01089973,0.01009817,0.009143186
0.008250284,0.007722691,0.006605358,0.005037106,0.004733377
0.004021562,0.003294918,0.003125235,0.002671938,0.002569435
0.002698293,0.003342359,0.003858413,0.004099478,0.005149595
0.005626224,0.005495983,0.005885892,0.005617772,0.005771566
0.006284483,0.006051273,0.006209022,0.006404441,0.005977025
0.005162484,0.004135249,0.002859729,0.002426228,0.002601125
0.001518167,0.0003845556,-1.921577e-05,-0.0006862089,-0.001105581
-0.0008753949,-0.0006087833,-0.0009326029,-0.001717138,-0.00279343
-0.003961024,-0.005307314,-0.006457812,-0.007213096,-0.007845911
-0.007619325,-0.007187502,-0.00706025,-0.006629373,-0.006134817
-0.005472618,-0.004208472,-0.003384283,-0.003194171,-0.002407813
-0.002340748,-0.00281205,-0.00309362,-0.004460651,-0.005485471
-0.005606541,-0.005790698,-0.005718771,-0.00550891,-0.004904897
-0.0039377,-0.00358534,-0.003203882,-0.00329794,-0.003404445
-0.003238195,-0.003767695,-0.003874149,-0.00422654,-0.003703018
-0.002475552,-0.002340852,-0.002211458,-0.002400289,-0.002999327
-0.003469483,-0.003446642,-0.003003466,-0.003084692,-0.003745843
-0.004422822,-0.004384746,-0.004188362,-0.004444124,-0.00497006
-0.005699728,-0.006105301,-0.006332082,-0.006569508,-0.006540367
-0.006887512,-0.007730017,-0.007656638,-0.006939576,-0.006213492
-0.005200891,-0.004033155,-0.002765443,-0.001615855,-0.0008006187
-0.0006465089,-0.001038291,-0.0009674778,-0.0007247168,-0.001050036
-0.001236818,-0.001485434,-0.002363586,-0.002666222,-0.001810353
-0.000866519,0.0003992327,0.001984886,0.003471227,0.005508518
0.007075574,0.008002036,0.009455164,0.01014303,0.00959702
0.009053619,0.008501622,0.007947415,0.008073804,0.008928366
0.009507239,0.009648688,0.009737017,0.008951669,0.008396968
0.00869465,0.009001352,0.009554205,0.01013703,0.01056988
0.01083199,0.01095282,0.01072021,0.01064537,0.01065218
0.0101299,0.009672916,0.009235655,0.008840965,0.008568818
0.008232541,0.007892564,0.00751046,0.006881234,0.006067226
0.004940547,0.003925066,0.003873684,0.003956717,0.004395456
0.005699969,0.006502105,0.006389402,0.006285605,0.006484523
0.006664302,0.007163296,0.008095271,0.008991964,0.009758675
0.01026897,0.01078542,0.0109448,0.01036188,0.00974498
0.009375256,0.009118401,0.009368246,0.01061228,0.01225893
0.01381767,0.01473151,0.01463676,0.01436075,0.01346466
0.01201016,0.01090833,0.01029931,0.01044624,0.01076286
0.01146845,0.01248478,0.01290952,0.01296606,0.01279263
0.01196009,0.01055342,0.008856194,0.007144933,0.006141138
0.005101545,0.004021076,0.00324483,0.002230494,0.001632447
0.001260659,0.001378368,0.002173594,0.002470041,0.002821631
0.00357006,0.004161803,0.00476299,0.004597531,0.0037307
0.002721323,0.001363123,0.0005178953,3.746002e-05,-0.0004604369
-0.0006848519,-0.000702485,-0.0008956685,-0.001692217,-0.002739901
-0.003939074,-0.005295305,-0.006364593,-0.006832617,-0.006333206
-0.005139743,-0.003689438,-0.001992176,-0.0005238052,0.001001663
0.00230601,0.003225368,0.00398251,0.003581545,0.002868893
0.002156864,0.0007648787,9.636581e-05,0.0002093049,0.001082703
0.003043078,0.00498281,0.006586095,0.007628168,0.00770923
0.007376269,0.007153031,0.007271396,0.007431592,0.006688621
0.005627526,0.005949668,0.006919988,0.006950744,0.006731947
0.005747031,0.003979329,0.002527823,0.0009432687,-0.0004332879
-0.001590902,-0.002851781,-0.002975421,-0.002320956,-0.002224354
-0.001918947,-0.001451624,-0.002083674,-0.003523438,-0.004483005
-0.004807344,-0.005188702,-0.005101379,-0.003982025,-0.002900676
-0.002071995,-0.001036228,0.0001503927,0.001270571,0.001855837
0.002504786,0.003610204,0.004642204,0.005635933,0.006151068
0.006699135,0.007440886,0.007554408,0.007877449,0.008328276
0.008997696,0.01005177,0.01119431,0.01270754,0.01404628
0.01483732,0.01464187,0.01393671,0.01319227,0.01162952
0.009795411,0.008710504,0.008351947,0.008057536,0.007879634
0.008038534,0.008182058,0.008593506,0.009255013,0.009756795
0.00976538,0.00945003,0.009061399,0.00832641,0.007601029
0.006505021,0.00554082,0.004845583,0.003756384,0.002901199
0.001934822,0.0009793517,0.0006192438,0.001260538,0.002714188
0.004055104,0.004494904,0.00474643,0.005193962,0.005462988
0.006281275,0.007062277,0.007405786,0.007457913,0.007115738
0.006616638,0.005676995,0.00412378,0.002375965,0.001628784
0.002157777,0.002565902,0.003436776,0.004696711,0.005488475
0.006817263,0.008070815,0.008770334,0.008276116,0.006743914
0.005655737,0.005095991,0.005073922,0.005152815,0.005596196
0.006079951,0.005656932,0.004406258,0.002813118,0.001269217
-0.0005405027,-0.002311198,-0.003881128,-0.005103027,-0.005630747
-0.00597769,-0.006386484,-0.00637003,-0.005863492,-0.005118343
-0.00442597,-0.004003645,-0.003894675,-0.004434132,-0.005836784
-0.007707861,-0.01006792,-0.01271823,-0.01483318,-0.0167185
-0.01774103,-0.01778816,-0.01812507,-0.01818328,-0.0180396
-0.01797094,-0.01767902,-0.01768955,-0.01791224,-0.0178499
-0.01731196,-0.01682138,-0.01615649,-0.01529395,-0.01464682
-0.01386181,-0.01345336,-0.01364148,-0.01396182,-0.01416312
-0.01412983,-0.01413264,-0.0143944,-0.01435414,-0.01370988
-0.012856,-0.01225379,-0.0117393,-0.01110703,-0.01085978
-0.01104431,-0.01137166,-0.01147514,-0.01137682,-0.01122343
-0.01067419,-0.009720434,-0.008864463,-0.008187096,-0.007471021
-0.007211143,-0.007527452,-0.008000597,-0.008274971,-0.008378618
-0.00840527,-0.008610757,-0.009314103,-0.009374977,-0.008822932
-0.008380552,-0.007592964,-0.00626391,-0.004487581,-0.002747044
-0.001466854,-0.0002817832,0.0008160364,0.001436295,0.001813032
0.002048929,0.002384742,0.002781811,0.002938126,0.003099959
0.00366004,0.004625665,0.005448274,0.005541081,0.005074682
0.004344626,0.003240907,0.001957373,0.0007739475,-0.0002395255
-0.001371309,-0.002690819,-0.00379122,-0.004166566,-0.003981749
-0.003283784,-0.001703017,0.0002839358,0.002262475,0.00391483
0.004956736,0.005178707,0.004795216,0.004076305,0.002980982
0.002189665,0.001754757,0.001681421,0.002088972,0.002700636
0.003919289,0.005210514,0.006151072,0.007092413,0.007662304
0.008003317,0.008123793,0.008056917,0.008304946,0.008711259
0.00897189,0.009347015,0.009487442,0.008751119,0.007814908
0.006672839,0.005055506,0.003502612,0.002473496,0.002032197
0.001756417,0.001955892,0.002681847,0.003214322,0.003214643
0.002766406,0.002234911,0.001902625,0.001911773,0.002020656
0.002219189,0.002620335,0.003271074,0.004044634,0.004772391
0.00565289,0.006330204,0.006844221,0.007128712,0.006918394
0.006774545,0.006386822,0.005420079,0.004592677,0.004181773
0.004009654,0.004404231,0.005652464,0.007583024,0.00993652
0.0121629,0.0135101,0.01349152,0.01242574,0.01085653
0.008936395,0.006946674,0.005351049,0.004400694,0.004039461
0.004305925,0.004986381,0.005706192,0.006458495,0.006844831
0.006741699,0.006086763,0.004291263,0.001656892,-0.001178766
-0.003866591,-0.005577042,-0.006641463,-0.007616588,-0.008371383
-0.009312593,-0.01037005,-0.01152934,-0.01293009,-0.0143969
-0.01557428,-0.01668981,-0.01734283,-0.01692096,-0.01584921
-0.01405638,-0.01193693,-0.01011286,-0.008759501,-0.008183904
-0.008155837,-0.008163739,-0.008445212,-0.00876555,-0.008951612
-0.009065167,-0.008730005,-0.008072042,-0.006860663,-0.004983821
-0.002843352,-0.0006851878,0.001508853,0.003711803,0.00568608
0.007344187,0.008940295,0.01075127,0.01280391,0.014946
0.01699425,0.01861381,0.01930049,0.01883033,0.01745234
0.01562444,0.01353667,0.01158892,0.01001812,0.008613381
0.007238002,0.005852325,0.004552056,0.003098606,0.001895036
0.001885912,0.00278017,0.004123898,0.005400528,0.00588415
0.00524265,0.003179226,3.119995e-05,-0.004081578,-0.008463691
-0.01195396,-0.01405843,-0.01404676,-0.01203133,-0.008998205
-0.005729334,-0.002652862,-0.0005369015,-0.0002083511,-0.001167224
-0.002971492,-0.005332415,-0.006800019,-0.006238466,-0.00407859
-0.0009690098,0.002675117,0.005975932,0.008562255,0.0101824
0.01030668,0.009141436,0.007080479,0.004054919,0.0009024263
-0.001663255,-0.003123206,-0.002952601,-0.001873999,0.0001913262
0.003661691,0.007430179,0.0102212,0.01209576,0.01313705
0.01346334,0.01324578,0.01201338,0.01003281,0.007642685
0.005346849,0.003816352,0.003066571,0.002975915,0.00335781
0.004083709,0.004889565,0.005793612,0.006623781,0.00667017
0.006046822,0.005158592,0.003974446,0.002901074,0.002616863
0.003144313,0.004037325,0.005186609,0.006483525,0.007492414
0.008182378,0.008498819,0.008211243,0.007552028,0.006504958
0.005130742,0.004135469,0.003629934,0.00376389,0.004643957
0.005991763,0.007784967,0.009515895,0.01057421,0.01070018
0.01027257,0.009376115,0.007703978,0.006115104,0.005345658
0.005079899,0.005228007,0.006153111,0.007560429,0.008737571
0.009711843,0.01045668,0.01035054,0.00922316,0.007560949
0.005914053,0.004634757,0.004071997,0.004437743,0.004775374
0.004727745,0.004754005,0.004257801,0.003230394,0.001830985
0.0001938319,-0.001381382,-0.002742788,-0.003514976,-0.003326708
-0.002097277,-0.000245062,0.002122528,0.004062102,0.005042714
0.005584409,0.00536824,0.004974665,0.005482737,0.006159209
0.006521686,0.006671892,0.006448086,0.006104643,0.005723623
0.005216029,0.00463401,0.004476734,0.00434888,0.004008414
0.003796444,0.003370748,0.002509054,0.001635053,0.001192021
0.001082471,0.001408008,0.001926083,0.002698391,0.003854957
0.005241422,0.006892987,0.00792947,0.007956943,0.007045221
0.005649826,0.0046004,0.003901148,0.00335002,0.002782003
0.00201959,0.001199949,0.0006104245,-2.969421e-05,-0.0007758088
-0.001449596,-0.001829704,-0.001524199,-0.0005882934,0.000469418
0.001346442,0.00229596,0.002887872,0.002561907,0.001994072
0.00160369,0.001132891,0.0008642712,0.0006958722,0.0004465172
0.0003918846,0.0003865046,0.000173441,-0.0005415595,-0.001746633
-0.003232124,-0.004947486,-0.00653863,-0.007470462,-0.007895212
-0.00767214,-0.006728189,-0.005725211,-0.004891466,-0.004179305
-0.003543301,-0.0028374,-0.002070581,-0.001450839,-0.001021542
-0.0009434788,-0.001087537,-0.001608905,-0.002454871,-0.002985944
-0.003853208,-0.004785534,-0.004901713,-0.004911461,-0.004620404
-0.003627155,-0.002330809,-0.00120861,-0.0001964836,0.0006814473
0.00127444,0.001903918,0.002305833,0.002701105,0.003363946
0.004043433,0.00456474,0.004855163,0.004840945,0.003947576
0.002100443,-3.031902e-05,-0.002333881,-0.004275376,-0.005209077
-0.005614477,-0.005537195,-0.005181932,-0.004721781,-0.003612174
-0.002359166,-0.001616278,-0.00129581,-0.001272574,-0.001562613
-0.001842216,-0.001969569,-0.002037104,-0.001914938,-0.001733914
-0.00186756,-0.0021372,-0.002269852,-0.002393609,-0.002263268
-0.001786142,-0.001200911,-0.0007824086,-0.0006427632,-0.001070132
-0.001747792,-0.002179645,-0.00211937,-0.001603509,-0.001180699
-0.0009456472,-0.00102841,-0.001097667,-0.0009552652,-0.0007249739
-0.0003683241,-0.0002295572,-9.572568e-05,0.0003459161,0.0008346275
0.001274617,0.00134026,0.0009280939,0.000377207,-0.0003440333
-0.001314435,-0.002430484,-0.003359465,-0.003970271,-0.004524592
-0.00489096,-0.004859336,-0.004784368,-0.004596923,-0.004323287
-0.004185651,-0.003769801,-0.003074211,-0.002202113,-0.0009527463
0.0005607478,0.002093263,0.00346965,0.004121298,0.003646919
0.002310219,0.000366653,-0.001896522,-0.004129189,-0.006001341
-0.007273623,-0.007905912,-0.008024873,-0.007845114,-0.007750674
-0.007623772,-0.00710918,-0.006750516,-0.006556211,-0.006288458
-0.006297578,-0.006536378,-0.006738442,-0.006792457,-0.006834866
-0.006842105,-0.006480214,-0.005927354,-0.005469153,-0.005007285
-0.004684027,-0.004726749,-0.005043724,-0.00551743,-0.006496377
-0.007883905,-0.009090777,-0.009635568,-0.009014912,-0.007564438
-0.005686729,-0.003769597,-0.002408185,-0.00131652,-0.000435409
-0.0002121123,-0.000282701,0.0001087469,0.0008528714,0.001614656
0.002239566,0.002374847,0.001855226,0.00122998,0.001229747
0.00161547,0.00212236,0.002590484,0.00298246,0.003722825
0.004753524,0.005714187,0.006534939,0.006843651,0.006541417
0.006402628,0.006394008,0.006249427,0.005978017,0.005520283
0.005010555,0.004514313,0.004187075,0.00391345,0.003521673
0.003225474,0.003183771,0.003290924,0.003494597,0.003502289
0.003526818,0.004064836,0.004645922,0.005300731,0.006015196
0.005990132,0.005306728,0.004429446,0.003205691,0.001918361
0.001074879,0.0006320084,0.0008289404,0.001609459,0.002384122
0.002940188,0.003063399,0.002593157,0.002018382,0.001662661
0.001397384,0.001399101,0.001560587,0.001786377,0.001928018
0.001770883,0.001543259,0.001387992,0.001481292,0.001780796
0.002405058,0.003354764,0.004256933,0.004967787,0.005594724
0.005853937,0.00571555,0.005350606,0.004446604,0.003445889
0.002667269,0.002107279,0.002060911,0.002720813,0.003682067
0.004633745,0.005625054,0.006358158,0.006599163,0.006271715
0.005425168,0.004174072,0.002816966,0.001875092,0.001183899
0.000397224,-0.0002389705,-0.0003554575,0.0002915448,0.001293452
0.001924492,0.001667747,0.0008717728,3.652837e-05,-0.0005573924
-0.0008654714,-0.001366034,-0.00190803,-0.002292496,-0.002768891
-0.00301463,-0.002895241,-0.002834551,-0.002331513,-0.001436759
-0.0008633683,-0.0005014253,-9.786656e-05,0.0005372435,0.001244261
0.002142336,0.003366363,0.00450985,0.005181946,0.005222882
0.005226306,0.005455061,0.005645996,0.006053664,0.006460793
0.006464715,0.006418598,0.006329709,0.005975963,0.005606484
0.00526235,0.004985116,0.005218014,0.005705432,0.006135887
0.006654223,0.00675681,0.006308247,0.005535559,0.004714976
0.003912372,0.003324736,0.003285742,0.00321329,0.003149087
0.003087886,0.002813391,0.002451829,0.001922686,0.001408091
0.0008867632,0.0006333712,0.0009815634,0.001228494,0.001649395
0.00258452,0.003066781,0.003388282,0.003904329,0.004134759
0.003966363,0.003370733,0.00276433,0.00244721,0.00246082
0.002993053,0.003611698,0.004001006,0.003897818,0.002749057
0.000418046,-0.002399895,-0.004698196,-0.006121087,-0.006453939
-0.005691984,-0.004034226,-0.001787226,0.0005999036,0.002752851
0.004106001,0.004599057,0.004710475,0.004547829,0.00397033
0.003307555,0.003188423,0.003660892,0.004283118,0.004811287
0.005109559,0.00496314,0.004532187,0.004404482,0.00450076
0.004596268,0.004746778,0.004587579,0.004459588,0.00460618
0.004529735,0.004309998,0.004138663,0.004039323,0.003948011
0.003928995,0.003861828,0.003288782,0.002379102,0.001335187
0.0003560198,-0.0004942563,-0.001452049,-0.002375416,-0.002825615
-0.002188426,-0.0006378336,0.00127364,0.002822801,0.003092481
0.002328658,0.001099146,-0.000393699,-0.001927132,-0.003297782
-0.004294358,-0.004732374,-0.004811299,-0.004739874,-0.004596749
-0.004595664,-0.004946153,-0.00589535,-0.006947068,-0.007552028
-0.007943955,-0.007844138,-0.007062777,-0.006249105,-0.005701963
-0.00536709,-0.005368619,-0.005632002,-0.005891136,-0.005854451
-0.005522938,-0.005231289,-0.004986767,-0.004654964,-0.004455106
-0.004335492,-0.003833439,-0.003191295,-0.002731195,-0.002223728
-0.002013766,-0.002146072,-0.001908537,-0.001560117,-0.001403151
-0.001090487,-0.0006201749,-0.000220177,6.568641e-05,-0.0001364405
-0.0009471761,-0.001839283,-0.002158698,-0.002016303,-0.00149567
-0.0001772141,0.0012181,0.002559629,0.003921356,0.004819265
0.005123677,0.004801634,0.003901087,0.002812173,0.001883398
0.0006760943,-0.0004900732,-0.001125042,-0.001885507,-0.002927652
-0.003908303,-0.004846618,-0.006037571,-0.007146609,-0.007690693
-0.007822749,-0.007395566,-0.006508457,-0.005407427,-0.004614942
-0.004728872,-0.005288585,-0.005884403,-0.006426137,-0.006782083
-0.00691075,-0.006738422,-0.006348349,-0.005912056,-0.005733382
-0.005921199,-0.006140751,-0.00643296,-0.006791543,-0.007114591
-0.007438019,-0.007673029,-0.007571441,-0.006818476,-0.005630096
-0.004089364,-0.00277075,-0.002289244,-0.002355303,-0.002765294
-0.003249679,-0.003520358,-0.003614347,-0.003475117,-0.003313364
-0.003334665,-0.00320356,-0.003142906,-0.003431457,-0.004074776
-0.004452642,-0.004288631,-0.004146534,-0.003848301,-0.0031569
-0.002139943,-0.0008693988,0.0004866671,0.001645912,0.002546053
0.00313526,0.003118764,0.002601583,0.001803785,0.0008709818
0.0001274733,-0.0007148088,-0.001492728,-0.001647047,-0.001434828
-0.0009672867,-0.00029361,0.0004239822,0.001235291,0.002330612
0.00373206,0.004951556,0.00584134,0.006924677,0.008004779
0.008919689,0.009847055,0.01033825,0.01058734,0.01084896
0.01092714,0.01105691,0.01147558,0.01186303,0.01189548
0.01175925,0.01141027,0.01079755,0.009995991,0.009101013
0.008318427,0.00773216,0.007397685,0.007399734,0.007676733
0.007924312,0.008105125,0.008214599,0.007918717,0.007097612
0.006057919,0.004963963,0.003635254,0.002212317,0.001031683
0.0002493804,3.266856e-05,0.0002245566,0.0006722011,0.001463622
0.002099979,0.002186894,0.002317684,0.002511062,0.002165757
0.001654523,0.001252526,0.0008701624,0.0005295104,6.328191e-05
-0.0006187403,-0.001420577,-0.002158035,-0.002878971,-0.003420015
-0.003767021,-0.004224828,-0.005078995,-0.006240289,-0.007082545
-0.007580565,-0.007680841,-0.007492306,-0.007513112,-0.007377419
-0.006696265,-0.005898275,-0.005347377,-0.004851426,-0.004321262
-0.004169396,-0.004370832,-0.004659149,-0.005118341,-0.005328029
-0.005106024,-0.004361497,-0.00327907,-0.002519117,-0.001940762
-0.001441686,-0.001127225,-0.0009117989,-0.0009267332,-0.001031307
-0.001094409,-0.001367799,-0.001722151,-0.001981535,-0.002193642
-0.002316595,-0.002085188,-0.001439599,-0.0007281408,7.329762e-05
0.0006742559,0.000597113,1.532452e-05,-0.001263195,-0.002933569
-0.004333615,-0.005473428,-0.00605268,-0.006114909,-0.005587589
-0.00455265,-0.003739578,-0.002955043,-0.002476755,-0.002694451
-0.003335885,-0.004486869,-0.00565454,-0.006469017,-0.006768871
-0.006452275,-0.00583192,-0.00473758,-0.003234392,-0.001992311
-0.001367488,-0.001153809,-0.001257598,-0.001582158,-0.001719352
-0.00180844,-0.001900114,-0.001773803,-0.001602654,-0.001415889
-0.001137323,-0.0006939202,-0.0003366067,-0.0002669597,-0.0002811159
-0.0003369665,-0.0005577852,-0.0006199956,-0.0003886381,-0.0003054691
-0.0005188166,-0.001156753,-0.002023297,-0.002728341,-0.003005154
-0.002648902,-0.001980343,-0.001267334,-0.000837229,-0.001195096
-0.002263198,-0.003647636,-0.005163672,-0.00660872,-0.007970837
-0.009362114,-0.01031068,-0.01045298,-0.009479784,-0.00777876
-0.005413494,-0.002765475,-0.0005672574,0.0007598589,0.00109055
0.0006156954,-0.0001802227,-0.001186447,-0.00224914,-0.003156093
-0.004044227,-0.004668103,-0.004937723,-0.005010129,-0.004856169
-0.004653675,-0.004427911,-0.004154487,-0.003836305,-0.003560058
-0.00335532,-0.003033421,-0.002662457,-0.002297136,-0.001854654
-0.001368148,-0.0008232305,-0.0003274398,-0.0002265565,-0.0003776355
-0.0004228292,-0.0002923903,-6.885607e-05,0.0001404151,4.495625e-05
-0.0002496543,-0.0002977398,-0.0002711398,-0.000314447,-0.0002829814
-0.0003188915,-0.0005430987,-0.0008235055,-0.001153782,-0.001509286
-0.001985155,-0.002456779,-0.002664205,-0.002451743,-0.001711582
-0.0006297319,0.0005774411,0.001540493,0.001977187,0.001811952
0.001443892,0.001417908,0.001734777,0.002043489,0.002072191
0.00194805,0.001600864,0.001058193,0.0005731901,5.376991e-05
-0.000382836,-0.0005198315,-0.0006264945,-0.0009824682,-0.001716393
-0.002856778,-0.004101525,-0.005098331,-0.005840744,-0.006525951
-0.006837469,-0.006328949,-0.005047481,-0.003268567,-0.00166554
-0.001020829,-0.001356562,-0.002059267,-0.002524708,-0.002619126
-0.002508617,-0.002400253,-0.002392627,-0.002425943,-0.002507607
-0.002580161,-0.002687637,-0.002864609,-0.003102,-0.003274824
-0.003150432,-0.002813137,-0.002586371,-0.00255019,-0.002345001
-0.001730618,-0.00085838,-0.0003484057,-0.0005455234,-0.001048971
-0.001220576,-0.0009024222,-0.000390128,0.0003107176,0.00107187
0.00169312,0.001979682,0.001756542,0.001215679,0.0005224054
-0.0003200596,-0.001223215,-0.001867221,-0.001893318,-0.001363516
-0.0005269625,0.0004748593,0.001410731,0.002295309,0.003005403
0.003153984,0.00291999,0.002578247,0.002214313,0.001909792
0.001513108,0.0009702609,0.0003537773,-0.0002505332,-0.0006764721
-0.0008566661,-0.000763782,-0.0003576908,0.0003541347,0.001295641
0.002202301,0.002769148,0.002722387,0.0018327,0.0004515781
-0.0009891255,-0.002337335,-0.003263044,-0.003381458,-0.0026234
-0.001567108,-0.000825249,-0.0005614894,-0.0006710517,-0.0008646631
-0.001043522,-0.001274222,-0.001395195,-0.001009327,0.0001017431
0.001577975,0.002898639,0.003840606,0.00431884,0.004279395
0.003783755,0.002927752,0.001891263,0.001061716,0.0007408114
0.0009097896,0.001292136,0.001679525,0.001963582,0.00196635
0.001727911,0.001388717,0.0010709,0.001056325,0.001395836
0.001854345,0.002264528,0.002609338,0.002930679,0.003247528
0.003493829,0.003406026,0.002960888,0.002225501,0.001130727
-0.0002945006,-0.001897214,-0.003086256,-0.003674777,-0.003895846
-0.003696081,-0.003369271,-0.003284848,-0.003367497,-0.003479838
-0.00364357,-0.003769546,-0.003814875,-0.003915146,-0.003988457
-0.003748751,-0.003027346,-0.001912705,-0.0008159314,-0.0002831363
-0.0003470461,-0.0008152368,-0.001376021,-0.001637785,-0.001772039
-0.001948587,-0.002320634,-0.002816395,-0.002724217,-0.001763191
-0.0002244367,0.001113476,0.001289812,0.0002376283,-0.001380159
-0.002550044,-0.002650991,-0.001882562,-0.0003637564,0.001871666
0.004228747,0.005509199,0.004630431,0.001696281,-0.002071163
-0.005217539,-0.006885352,-0.007134086,-0.006389196,-0.005175093
-0.003857241,-0.002479386,-0.000887451,0.0008698185,0.002362658
0.002994852,0.002492559,0.001453001,0.0006354688,0.0003239193
0.0004299882,0.0009008079,0.001708129,0.002814846,0.0042032
0.005544055,0.006456682,0.006647979,0.006031011,0.004951026
0.004027701,0.003848735,0.004424046,0.005315395,0.006217693
0.006817182,0.006863618,0.006328685,0.005482498,0.004946125
0.00503308,0.005598181,0.006369765,0.006905569,0.006974239
0.006611235,0.005849453,0.004939422,0.004264316,0.004151895
0.004523539,0.005064962,0.005606759,0.005920926,0.005902511
0.00546037,0.004623469,0.003902688,0.003802877,0.004356499
0.005270447,0.005994206,0.005969104,0.005237993,0.004256899
0.003369961,0.002608431,0.001943153,0.001435686,0.001056972
0.0008877622,0.001064282,0.001358578,0.001424119,0.00120098
0.0008049959,0.0004993615,0.0005075252,0.0006574821,0.0007058649
0.0006171371,0.0004988893,0.0005515601,0.0007747575,0.001116059
0.001397885,0.001495707,0.001608011,0.001776551,0.001990357
0.002289345,0.002591805,0.002720081,0.002567743,0.002103753
0.001335303,0.0004156828,-0.0004315597,-0.0008805569,-0.0006854108
3.279565e-07,0.0007185946,0.0008932935,0.0002760025,-0.0008122731
-0.001939092,-0.002772657,-0.003082386,-0.002873229,-0.00235706
-0.001882542,-0.001761409,-0.002108691,-0.002829637,-0.003637782
-0.004208665,-0.004233278,-0.003627413,-0.002681907,-0.001642404
-0.0005892998,0.0003502185,0.0009688083,0.001033026,0.00054406
-0.0001503489,-0.0007624206,-0.001083948,-0.0009714213,-0.0006274864
-0.0002421966,0.0002001683,0.0007311548,0.00133749,0.001942447
0.002355551,0.002408218,0.002210398,0.001997171,0.001922466
0.001950927,0.001956581,0.001875336,0.001697375,0.001385644
0.0009334657,0.0005289973,0.0004309769,0.0006954956,0.0009973808
0.001082839,0.0009979745,0.0008808374,0.000883375,0.0009941279
0.00107058,0.0009076797,0.0003957657,-0.0002985137,-0.0008626103
-0.00105786,-0.0008432959,-0.000324607,0.0002919276,0.0007847001
0.001053931,0.001067083,0.0008563037,0.0005641122,0.0003228684
7.361667e-05,-0.000284117,-0.0006544545,-0.001011957,-0.001267817
-0.001259963,-0.001077785,-0.0008320899,-0.0006868392,-0.0007063602
-0.0007474853,-0.000740679,-0.0006767046,-0.0006331821,-0.0007286542
-0.0009889731,-0.001394925,-0.001808227,-0.002054826,-0.002112241
-0.001963776,-0.001642183,-0.001327922,-0.001141341,-0.001052793
-0.0009672205,-0.0007743376,-0.0005120736,-0.0002670983,-0.0001125457
-9.414713e-05,-4.490388e-05,0.000163246,0.0004636667,0.0007259634
0.0008989446,0.0009452448,0.0008877151,0.0008533504,0.0008859257
0.0008914975,0.0007706029,0.0005811498,0.0004111617,0.0003644509
0.0004787352,0.0006408766,0.0007965527,0.0009241685,0.0009083539
0.0006959921,0.0004254611,0.0002434965,0.0001304791,3.512374e-05
-7.85632e-05,-0.0002666404,-0.0005002875,-0.0007020714,-0.0008517377
-0.0009827212,-0.001153165,-0.001380153,-0.001567835,-0.001643689
-0.001638719,-0.0015712,-0.001438337,-0.001239443,-0.0009942137
-0.0008242979,-0.0007680389,-0.0007883766,-0.0008557946,-0.0009216256
-0.0009971639,-0.0009744021,-0.000720832,-0.0002284808,0.0003817855
0.0008936084,0.001230125,0.001429434,0.001454055,0.001243981
0.0008241998,0.0002543366,-0.0003268069,-0.0007082433,-0.0007515796
-0.0004407133,7.336605e-05,0.0005743241,0.000881639,0.0008930168
0.0006681105,0.0003194243,-6.751403e-05,-0.0003821483,-0.0005544332
-0.0005612972,-0.0003298174,7.184484e-05,0.0004854032,0.0008077818
0.0009568397,0.0009552444,0.0007909759,0.000488237,0.0001457072
-0.0002046222,-0.0004874153,-0.0006031244,-0.0005460326,-0.0004012197
-0.0002740867,-0.0002165138,-0.0002112287,-0.0002471759,-0.0002924124
-0.0003356274,-0.0004305684,-0.0005870137,-0.0007778329,-0.0009555005
-0.001076563,-0.001122412,-0.001123453,-0.001105804,-0.001040661
-0.0009538057,-0.0008897625,-0.0008710303,-0.0009147824,-0.000997558
-0.001052194,-0.001014488,-0.0008853372,-0.0007282864,-0.0006337838
-0.0006203357,-0.0006608883,-0.0007439246,-0.0008131284,-0.0008400261
-0.0008176675,-0.0006959947,-0.0005208868,-0.0003802061,-0.0003022769
-0.0002968023,-0.0003371912,-0.0004312694,-0.0005824027,-0.0007260395
-0.0008109401,-0.0008012966,-0.0006864871,-0.000510031,-0.0003398245
-0.0002343662,-0.0002197169,-0.0002623298,-0.0003061706,-0.0003434448
-0.0003880208,-0.0004516444,-0.0005414186,-0.000635065,-0.0006957533
-0.0007062795,-0.0006900385,-0.0006650587,-0.0006312932,-0.0006130611
-0.0006465726,-0.0007297629,-0.0008043274,-0.0008281962,-0.0007833744
-0.0006724331,-0.0005497877,-0.0004569484,-0.0004049507,-0.0003979937
-0.0004151647,-0.0004486927,-0.0004989924,-0.0005530325,-0.0005986218
-0.0006240362,-0.0006237351,-0.0005936832,-0.0005601104,-0.00056299
-0.0006027751,-0.0006528537,-0.0006798313,-0.000668159,-0.0006345927
-0.0005889671,-0.0005452983,-0.0005288635,-0.0005564699,-0.0006296178
-0.0007321016,-0.000823932,-0.0008652279,-0.0008661131,-0.0008476849
-0.0008089395,-0.0007486353,-0.0006905402,-0.0006568793,-0.0006405264
-0.000620271,-0.0005849095,-0.0005518278,-0.0005436533,-0.0005656222
-0.0005941561,-0.0006096557,-0.0006116052,-0.0005892515,-0.0005454585
-0.0005010664,-0.0004593438,-0.0004197409,-0.0003973333,-0.0003896505
-0.0003729028,-0.0003414963,-0.0003059111,-0.0002606042,-0.0002074816
-0.000165943,-0.0001408098,-0.000129253,-0.0001245245,-0.0001268921
-0.0001320309,-0.0001307876,-0.0001253224,-0.0001116069,-8.587046e-05
-5.308644e-05,-2.264897e-05,-1.498373e-06,1.286263e-05,2.80118e-05
4.468859e-05,6.835267e-05,9.710112e-05,0.0001214853,0.0001454183
0.0001668993,0.0001805724,0.0001971983,0.0002202597,0.0002416045
0.0002581739,0.0002628366,0.0002572122,0.0002421946,0.0002210497
0.0002108765,0.0002108866,0.0002135837,0.0002181972,0.000217265
0.0002134334,0.0002132754,0.0002093582,0.0002000797,0.0001901104
0.0001766433,0.0001624426,0.0001521977,0.0001423689,0.0001337416
0.0001201773,9.623244e-05,7.269852e-05,5.662642e-05,5.0564e-05
5.785644e-05,8.084598e-05,0.0001226,0.000180084,0.0002502521
0.000323348,0.0003842419,0.0004257292,0.0004408986,0.0004310202
0.0004014547,0.0003522698,0.000288203,0.000220785,0.0001590278
0.0001071989,7.002558e-05,5.37862e-05,6.051424e-05,8.494319e-05
0.0001169659,0.000150703,0.0001844205,0.0002118665,0.0002268646
0.0002276912,0.0002195939,0.0002086591,0.0001976354,0.0001913463
0.0001922498,0.0001996291,0.0002109554,0.000223269,0.0002329714
0.0002360212,0.0002333064,0.0002260926,0.0002157136,0.0002036709
0.0001914135,0.0001817844,0.0001754148,0.0001732311,0.0001760308
0.0001825329,0.0001911039,0.0001990162,0.000203775,0.0002053076
0.0002038348,0.0001995893,0.0001945994,0.0001899092,0.0001854234
0.0001819787,0.0001798946,0.0001789854,0.0001788226,0.0001790093
0.0001796673,0.0001804593,0.0001810674,0.0001815098,0.0001816822
0.0001816709,0.0001815596,0.0001812912,0.0001809796,0.0001807885
0.0001807387,0.0001807639,0.000180819,0.0001808797,0.0001808384
0.0001806427,0.0001802752,0.0001798375,0.0001794073,0.0001790462
0.000178801,0.000178658,0.0001786067,0.0001785799,0.0001785798
0.000178588,0.0001785731,0.0001785421,0.0001785111,0.0001784861
0.0001784727,0.0001784804,0.0001785111,0.0001785581,0.0001786155
0.0001786814,0.0001787558,0.0,0.0,0.0
