0,0.002289,-0.012482,-0.970322
1,0.005066,-0.018982,-0.992737
2,-0.000839,-0.021347,-0.997879
3,-0.008209,-0.019363,-0.996719
4,-0.003189,-0.018372,-0.997787
5,0.004349,-0.017929,-0.998352
6,-0.001144,-0.019608,-0.997055
7,-0.007294,-0.018478,-0.996445
8,-0.018036,-0.132614,-0.962067
9,-0.015549,-0.033997,-0.997925
10,0.017044,-0.008759,-1.004456
11,0.001816,-0.017044,-1.000397
12,-0.01535,-0.023453,-0.99675
13,-0.002563,-0.019547,-0.999268
14,0.010071,-0.017456,-0.996658
15,-0.001694,-0.018173,-0.992203
16,-0.012222,-0.019531,-0.995834
17,-0.001389,-0.01825,-1.000717
18,0.008911,-0.019196,-1.001602
19,-0.002075,-0.018845,-0.998672
20,-0.011765,-0.018051,-0.99765
21,-0.001648,-0.019531,-1.000214
22,0.008347,-0.019485,-0.999374
23,-0.002426,-0.019058,-0.995544
24,-0.012009,-0.019424,-0.992935
25,-0.000183,-0.019531,-0.997681
26,0.007401,-0.019073,-1.001556
27,-0.002518,-0.018356,-0.999283
28,-0.010849,-0.018433,-0.996597
29,-3.1e-05,-0.017502,-0.998001
30,0.007492,-0.018829,-1.001541
31,-0.003403,-0.019257,-0.998871
32,-0.010681,-0.019501,-0.994797
33,-0.000137,-0.020111,-0.994965
34,0.006958,-0.01886,-0.998779
35,-0.003967,-0.019135,-1.001007
36,-0.009277,-0.019089,-0.998901
37,0.001221,-0.0186,-0.998199
38,0.006714,-0.018738,-0.999985
39,-0.004211,-0.01889,-1.000641
40,-0.00769,-0.019989,-0.997177
41,0.001266,-0.019226,-0.994492
42,0.004913,-0.019135,-0.995026
43,-0.004013,-0.018265,-0.996475
44,-0.007462,-0.01825,-0.999634
45,0.001312,-0.019012,-0.999496
46,0.003891,-0.018295,-0.998688
47,-0.004349,-0.019318,-0.998566
48,-0.007187,-0.018921,-1.000336
49,0.00235,-0.019104,-0.999054
50,0.003387,-0.018738,-0.994476
51,-0.005707,-0.018448,-0.993607
52,-0.006226,-0.019409,-0.998138
53,0.002151,-0.018936,-1.00264
54,0.003311,-0.018997,-0.999954
55,-0.005096,-0.018356,-0.997589
56,-0.006363,-0.019119,-0.998032
57,0.003235,-0.020035,-1.001801
58,0.003311,-0.01825,-0.999054
59,-0.006165,-0.018738,-0.994522
60,-0.006149,-0.019455,-0.994431
61,0.002563,-0.018692,-0.999451
62,0.001984,-0.018585,-1.001633
63,-0.005478,-0.019089,-0.997971
64,-0.004959,-0.019135,-0.996826
65,0.002548,-0.018753,-1.00032
66,0.00177,-0.019913,-1.006836
67,-0.006119,-0.018539,-0.995712
68,-0.004883,-0.019867,-0.993195
69,0.003296,-0.018738,-0.992905
70,0.001312,-0.019302,-0.997452
71,-0.006805,-0.019333,-1.003067
72,-0.003723,-0.018723,-0.9991
73,0.003387,-0.01915,-0.997116
74,0.001541,-0.018112,-0.999298
75,-0.005524,-0.018356,-0.999588
76,-0.003128,-0.01973,-0.998474
77,0.002762,-0.019745,-0.993744
78,0.001114,-0.019318,-0.996796
79,-0.005814,-0.019135,-1.001144
80,-0.003067,-0.019043,-0.999451
81,0.003601,-0.017838,-0.997238
82,-0.000641,-0.018494,-0.999542
83,-0.005569,-0.019882,-1.001617
84,-0.001572,-0.019379,-0.99707
85,0.003067,-0.019882,-0.99704
86,-0.000595,-0.018677,-0.995239
87,-0.006027,-0.018814,-0.995209
88,-0.001663,-0.01889,-0.99942
89,0.002502,-0.019241,-1.000656
90,-0.000992,-0.018463,-0.999741
91,-0.005234,-0.018402,-0.997528
92,-0.002533,-0.018753,-0.999832
93,0.002289,-0.018753,-1.000946
94,-0.000351,-0.018509,-0.990112
95,-0.007111,-0.019241,-0.999847
96,-0.003357,-0.019363,-0.996399
97,0.002197,-0.018738,-1.00145
98,-0.001404,-0.019135,-1.003418
99,-0.005875,-0.019028,-0.994339
100,-0.002029,-0.019119,-0.999069
101,0.001785,-0.018982,-0.999329
102,-0.002106,-0.01886,-1.000778
103,-0.005753,-0.018509,-0.99736
104,-0.001328,-0.019058,-0.994827
105,0.00116,-0.018967,-0.998505
106,-0.002045,-0.018799,-0.999954
107,-0.0047,-0.019379,-0.998611
108,-0.001678,-0.019028,-0.997925
109,0.000351,-0.019928,-0.999863
110,-0.002014,-0.019058,-1.001709
111,-0.003876,-0.019028,-0.998047
112,-0.001633,-0.019241,-0.996628
113,0.000381,-0.018555,-0.994431
114,-0.002502,-0.019852,-0.995728
115,-0.003601,-0.018845,-0.999802
116,-0.000427,-0.019424,-1.001541
117,0.000793,-0.018097,-0.997711
118,-0.002945,-0.019852,-0.999695
119,-0.003357,-0.018356,-0.999908
120,-0.000916,-0.018997,-1.000198
121,4.6e-05,-0.018555,-0.996689
122,-0.00238,-0.01973,-0.994705
123,-0.003647,-0.018555,-0.996475
124,-0.001099,-0.018982,-1.001236
125,-6.1e-05,-0.020081,-0.999496
126,-0.002426,-0.018936,-0.996857
127,-0.002747,-0.018967,-0.998917
128,-0.000488,-0.019943,-1.000259
129,-0.000656,-0.019318,-0.999237
130,-0.002899,-0.019989,-0.995361
131,-0.002289,-0.01947,-0.994431
132,-0.000443,-0.018738,-0.996185
133,-0.001068,-0.018616,-1.007172
134,-0.003021,-0.01944,-1.004471
135,-0.003143,-0.018509,-1.001846
136,-0.000595,-0.019073,-1.003326
137,-0.001343,-0.019257,-1.003983
138,-0.003983,-0.0186,-1.003159
139,-0.003418,-0.018539,-0.998917
140,-0.000717,-0.019836,-0.997223
141,-0.001373,-0.019516,-0.999863
142,-0.003479,-0.019135,-1.002747
143,-0.001816,-0.019409,-1.001984
144,-0.000336,-0.019104,-0.999207
145,-0.001144,-0.019287,-1.001297
146,-0.003571,-0.019592,-1.00119
147,-0.003174,-0.019241,-1.000671
148,0.000595,-0.019302,-0.996719
149,-0.001205,-0.018875,-0.995865
150,-0.004028,-0.019821,-0.997208
151,-0.001862,-0.018906,-1.002029
152,0.000778,-0.018982,-1.001923
153,-0.00264,-0.019012,-1.000427
154,-0.005386,-0.017776,-0.999527
155,-0.001389,-0.019623,-1.001999
156,0.00148,-0.019562,-1.001236
157,-0.003403,-0.019577,-0.99791
158,-0.005035,-0.018723,-0.993896
159,-0.001007,-0.018768,-0.998947
160,0.000488,-0.019196,-0.999817
161,-0.003632,-0.019012,-0.999863
162,-0.003708,-0.019302,-0.999664
163,-0.000214,-0.019806,-0.99942
164,-0.001389,-0.019516,-1.001404
165,-0.002701,-0.019821,-0.999359
166,-0.002945,-0.020157,-0.998047
167,-0.001846,-0.019424,-0.99585
168,-0.001678,-0.019577,-0.998703
169,-0.001236,-0.019897,-1.000473
170,-0.001236,-0.018738,-1.000076
171,-0.002319,-0.019043,-0.99913
172,-0.002167,-0.019424,-0.999146
173,-0.001984,-0.01889,-1.000336
174,-0.001831,-0.019104,-0.998352
175,-0.000824,-0.019348,-0.995026
176,-0.00206,-0.018555,-0.994766
177,-0.003159,-0.019867,-0.998581
178,-0.000809,-0.019577,-0.999084
179,-0.000168,-0.018738,-0.999374
180,-0.002167,-0.018784,-0.997131
181,-0.002853,-0.019577,-0.999771
182,-0.001907,-0.020081,-1.001907
183,-0.001068,-0.019226,-0.998672
184,-0.004181,-0.019455,-1.010498
185,-0.005814,-0.020615,-1.00267
186,0.001175,-0.01915,-0.993652
187,0.000305,-0.019318,-1.000824
188,-0.0056,-0.019196,-0.998764
189,-0.002579,-0.018906,-0.997345
190,0.001266,-0.018066,-1.000641
191,-0.001099,-0.020065,-1.002914
192,-0.00473,-0.019348,-0.998291
193,-0.002365,-0.019287,-0.994156
194,0.002243,-0.020218,-0.998459
195,-0.003387,-0.019836,-0.998962
196,-0.007355,-0.018799,-0.998688
197,0.000778,-0.018143,-0.999435
198,0.003784,-0.018768,-1.007019
199,-0.004074,-0.019226,-0.98764
200,-0.007812,-0.019562,-0.993073
201,0.000885,-0.018372,-0.994598
202,0.003311,-0.019058,-0.992386
203,-0.003815,-0.019714,-0.99295
204,-0.006561,-0.018143,-0.997833
205,0.001862,-0.019501,-0.998993
206,0.003098,-0.019196,-0.997284
207,-0.004227,-0.018555,-0.999359
208,-0.005554,-0.018829,-0.997299
209,0.001236,-0.018661,-0.999435
210,0.002625,-0.020004,-0.996994
211,-0.005096,-0.019653,-0.993454
212,-0.005096,-0.018372,-0.994492
213,0.001617,-0.019363,-0.999756
214,0.003723,-0.018387,-1.000153
215,-0.004974,-0.019699,-0.997879
216,-0.006042,-0.018234,-0.998779
217,0.00264,-0.018677,-0.999573
218,0.00267,-0.018524,-0.999786
219,-0.005371,-0.019104,-0.996857
220,-0.00528,-0.018936,-0.994476
221,0.003036,-0.019669,-0.997238
222,0.001236,-0.019165,-0.99942
223,-0.005753,-0.018875,-1.000092
224,-0.004303,-0.018433,-0.99855
225,0.002686,-0.019287,-0.998672
226,0.001083,-0.018921,-1.000519
227,-0.005478,-0.018707,-0.999084
228,-0.004486,-0.018936,-0.998795
229,0.00206,-0.018585,-0.996277
230,0.000931,-0.019226,-0.996292
231,-0.005966,-0.018433,-0.99884
232,-0.003342,-0.019318,-1.00061
233,0.003525,-0.018539,-0.999207
234,0.000946,-0.017685,-0.998138
235,-0.006348,-0.019302,-0.997971
236,-0.003708,-0.019867,-0.999634
237,0.002884,-0.019653,-0.996323
238,0.000488,-0.019257,-0.995346
239,-0.006622,-0.019363,-0.995728
240,-0.002655,-0.018402,-0.995514
241,0.00322,-0.018524,-1.001465
242,0.000534,-0.017578,-0.99913
243,-0.006088,-0.019272,-1.000259
244,-0.002808,-0.019043,-0.999527
245,0.003235,-0.019608,-0.9991
246,0.001068,-0.019302,-0.9953
247,-0.006058,-0.019531,-0.993896
248,-0.002106,-0.019028,-0.995407
249,0.003799,-0.018967,-0.999283
250,-0.000977,-0.019272,-1.001526
251,-0.005951,-0.018951,-0.996948
252,-0.000961,-0.018845,-0.999084
253,0.003799,-0.019882,-1.000854
254,-0.001892,-0.01828,-0.99646
255,-0.005844,-0.018921,-0.996567
256,-0.001709,-0.019287,-0.994736
257,0.00267,-0.019104,-0.993652
258,-0.000336,-0.018372,-0.997513
259,-0.005295,-0.0186,-1.000671
260,-0.001434,-0.018768,-0.99913
261,0.001801,-0.01796,-0.998199
262,-4.6e-05,-0.019012,-0.997406
263,-0.005203,-0.019165,-1.000153
264,-0.000427,-0.019501,-0.99588
265,0.001694,-0.019241,-0.997543
266,-0.001541,-0.019348,-1.004257
267,-0.005051,-0.019394,-1.004974
268,-0.000885,-0.019272,-1.00412
269,0.00267,-0.019058,-1.00473
270,-0.00293,-0.018875,-1.000015
271,-0.004089,-0.019272,-1.004242
272,0.000122,-0.018555,-1.000061
273,0.001617,-0.019394,-0.997391
274,-0.00293,-0.019699,-0.996109
275,-0.005432,-0.020035,-1.001953
276,-0.000748,-0.018524,-1.003067
277,0.001404,-0.019073,-1.003204
278,-0.002548,-0.018143,-0.998932
279,-0.003922,-0.018219,-0.998291
280,-0.001923,-0.019913,-0.998016
281,0.000885,-0.019531,-0.997971
282,-0.002167,-0.01944,-0.999146
283,-0.007294,-0.019669,-0.997864
284,-0.001328,-0.019699,-1.001953
285,0.00148,-0.019775,-1.00264
286,-0.001694,-0.01976,-1.001404
287,-0.005066,-0.019241,-0.99971
288,-0.001602,-0.019714,-0.998688
289,0.001266,-0.019577,-1.000351
290,-0.002228,-0.019531,-0.997589
291,-0.005569,-0.018631,-0.994843
292,-0.001236,-0.019547,-0.995911
293,0.002182,-0.019226,-0.998779
294,-0.00206,-0.019226,-1.000595
295,-0.005875,-0.019791,-0.998199
296,-0.001511,-0.018982,-0.998642
297,0.001328,-0.018753,-0.999451
298,-0.002808,-0.019287,-1.000793
299,-0.004135,-0.020004,-0.99823
300,-0.001358,-0.018784,-0.996552
301,0.000854,-0.018524,-0.995438
302,-0.003159,-0.019913,-0.998169
303,-0.004089,-0.019226,-0.998276
304,-0.001312,-0.018906,-1.001892
305,0.001572,-0.018173,-1.000275
306,-0.002045,-0.019775,-0.999817
307,-0.003769,-0.019379,-1.000854
308,-0.001343,-0.020401,-0.998306
309,0.00444,-0.018295,-0.997757
310,-0.001648,-0.018768,-0.993866
311,-0.014877,-0.020203,-1.038635
312,-0.003876,-0.019302,-0.998016
313,0.002029,-0.018677,-1.002121
314,0.000793,-0.017166,-0.99707
315,-0.005859,-0.019318,-0.997421
316,-0.002014,-0.019043,-0.999695
317,0.004013,-0.018448,-1.002167
318,-0.000366,-0.019974,-0.995911
319,-0.005859,-0.019211,-0.99382
320,-0.002426,-0.01944,-0.99942
321,0.003159,-0.018967,-1.000854
322,-0.000458,-0.019379,-0.999786
323,-0.005371,-0.018417,-0.997925
324,-0.002899,-0.019119,-0.99968
325,0.003159,-0.019791,-1.000931
326,-0.001068,-0.020172,-0.999054
327,-0.006058,-0.019348,-0.99588
328,-0.002731,-0.019653,-0.996887
329,0.003067,-0.019165,-0.998337
330,-0.000473,-0.019485,-0.99968
331,-0.006332,-0.019394,-0.998734
332,-0.00206,-0.019318,-0.999756
333,0.003311,-0.019516,-1.001144
334,-0.000732,-0.019821,-0.998444
335,-0.005981,-0.019684,-0.998428
336,-0.001511,-0.019394,-0.996613
337,0.002426,-0.020065,-0.99791
338,-0.000931,-0.018677,-0.997787
339,-0.00502,-0.018967,-0.998947
340,-0.001801,-0.019516,-0.999496
341,0.00235,-0.018799,-0.999054
342,-0.002579,-0.019318,-0.998703
343,-0.005386,-0.018677,-0.998352
344,-0.000259,-0.019302,-0.997452
345,0.001434,-0.019485,-0.996094
346,-0.003006,-0.019485,-0.997208
347,-0.004807,-0.018585,-0.997269
348,-7.6e-05,-0.019852,-0.999741
349,0.002106,-0.019943,-0.999252
350,-0.003815,-0.019745,-0.99852
351,-0.00441,-0.019821,-0.99968
352,-0.000549,-0.01976,-0.999237
353,0.001694,-0.019485,-0.998581
354,-0.002655,-0.018936,-0.995789
355,-0.003677,-0.018707,-0.997253
356,0.001389,-0.018723,-0.998383
357,0.001099,-0.019714,-1.000992
358,-0.004395,-0.019043,-0.998901
359,-0.003891,-0.018768,-0.999069
360,0.001465,-0.019775,-1.000122
361,3.1e-05,-0.019501,-0.99971
362,-0.003494,-0.018982,-0.997925
363,-0.003418,-0.019379,-0.995346
364,0.000412,-0.018982,-0.996841
365,0.000916,-0.018951,-0.999603
366,-0.004059,-0.019684,-0.998413
367,-0.001755,-0.019516,-0.999207
368,0.001556,-0.019394,-0.999435
369,7.6e-05,-0.01915,-0.999802
370,-0.004166,-0.01947,-0.998993
371,-0.002457,-0.019852,-0.996826
372,0.00177,-0.019745,-0.996048
373,-0.000671,-0.019424,-0.997955
374,-0.004684,-0.019531,-0.999603
375,-0.00267,-0.019226,-1.000427
376,0.001526,-0.018707,-0.999298
377,-0.000626,-0.018723,-0.999847
378,-0.005615,-0.01918,-0.999176
379,-0.002182,-0.019028,-0.998566
380,0.00386,-0.019363,-0.997955
381,-0.001999,-0.019241,-0.996567
382,-0.005814,-0.018967,-0.996384
383,-0.000732,-0.018921,-1.000381
384,0.003403,-0.018845,-1.002258
385,-0.001923,-0.019211,-0.998032
386,-0.006165,-0.019348,-0.998535
387,-0.000778,-0.019241,-1.001236
388,0.002853,-0.019836,-0.998871
389,-0.002548,-0.018982,-0.996002
390,-0.005646,-0.019135,-0.994598
391,0.000107,-0.019531,-0.994553
392,0.003067,-0.018967,-1.000183
393,-0.001572,-0.019119,-1.000717
394,-0.004715,-0.018677,-0.999649
395,0.000198,-0.018875,-0.999008
396,0.002502,-0.018784,-1.001312
397,-0.002701,-0.019836,-0.998703
398,-0.005447,-0.020218,-0.995728
399,-0.000137,-0.019211,-0.996735
400,0.002167,-0.019226,-0.998703
401,-0.002029,-0.019684,-1.001221
402,-0.003983,-0.019257,-0.999344
403,9.2e-05,-0.018997,-0.99913
404,0.002533,-0.019363,-0.999619
405,-0.001648,-0.020157,-0.999084
406,-0.004593,-0.019257,-0.999741
407,-0.000366,-0.020279,-0.997284
408,0.002945,-0.019196,-0.99675
409,-0.004883,-0.018448,-0.997589
410,-0.005325,-0.019379,-0.999222
411,0.001892,-0.019028,-1.000534
412,0.002167,-0.019012,-0.999268
413,-0.004059,-0.019516,-0.999252
414,-0.003799,-0.019363,-0.999771
415,0.002396,-0.019409,-0.998566
416,0.001404,-0.020126,-0.996811
417,-0.004608,-0.018204,-0.996902
418,-0.004562,-0.019165,-0.998001
419,0.002625,-0.018478,-1.000046
420,0.000992,-0.018951,-0.999908
421,-0.004486,-0.018768,-0.998917
422,-0.002472,-0.019318,-1.0
423,0.002716,-0.018372,-1.000992
424,-0.00061,-0.020401,-0.999329
425,-0.005676,-0.019409,-0.99762
426,-0.003082,-0.018829,-0.998825
427,0.003738,-0.019699,-0.999649
428,0.001129,-0.019485,-0.993469
429,-0.005722,-0.018692,-0.999359
430,-0.001694,-0.019745,-1.000168
431,0.003082,-0.018753,-0.999481
432,-0.001328,-0.018906,-0.999161
433,-0.004486,-0.020126,-0.998856
434,-0.001328,-0.019318,-0.996185
435,0.003403,-0.019135,-0.996841
436,-0.001556,-0.019501,-0.999313
437,-0.005005,-0.01915,-0.999954
438,-0.000397,-0.018433,-0.999954
439,0.00267,-0.018784,-1.000015
440,-0.001846,-0.019379,-0.999084
441,-0.004944,-0.019394,-0.999466
442,-0.000977,-0.01947,-1.001709
443,0.002075,-0.019989,-0.999207
444,-0.002518,-0.019135,-0.997406
445,-0.005112,-0.020096,-0.997009
446,-0.000793,-0.019272,-0.999008
447,0.003204,-0.018707,-1.00119
448,-0.00174,-0.018799,-0.999222
449,-0.005112,-0.01915,-1.000702
450,0.001205,-0.019867,-0.99913
451,0.002945,-0.020096,-0.998077
452,-0.002869,-0.019455,-0.996216
453,-0.005081,-0.019669,-0.996353
454,0.001373,-0.019196,-0.999786
455,0.001984,-0.018982,-0.999573
456,-0.003738,-0.018356,-0.999023
457,-0.003067,-0.019745,-1.000702
458,0.002594,-0.018814,-1.000519
459,0.000732,-0.018555,-1.002228
460,-0.003815,-0.019501,-0.995789
461,-0.003113,-0.020386,-1.000549
462,-0.000122,-0.01886,-1.005783
463,-0.002228,-0.020096,-1.002533
464,-0.000854,-0.019241,-0.99826
465,-0.003632,-0.018997,-1.000229
466,-0.00206,-0.019363,-0.998825
467,-0.00029,-0.017838,-0.997818
468,-0.002457,-0.019302,-1.001114
469,-0.002792,-0.01944,-0.99704
470,-0.001907,-0.019363,-0.994614
471,-0.001297,-0.019104,-0.996506
472,-0.002029,-0.018799,-1.000504
473,-0.002808,-0.020203,-1.000793
474,-0.00119,-0.019318,-0.999191
475,-0.001358,-0.018585,-1.00119
476,-0.002747,-0.018524,-1.000183
477,-0.003418,-0.018829,-0.998856
478,-0.001953,-0.02002,-0.996613
479,-0.001068,-0.018539,-0.996063
480,-0.002701,-0.019257,-0.999924
481,-0.00267,-0.018997,-1.001434
482,-0.001831,-0.018967,-1.000854
483,-0.002274,-0.018829,-0.998306
484,-0.001938,-0.019119,-0.997986
485,-0.00235,-0.019089,-1.000351
486,-0.001068,-0.019821,-0.999649
487,-0.001022,-0.019669,-0.998398
488,-0.001938,-0.018555,-0.996597
489,-0.002426,-0.019226,-0.997208
490,-0.000778,-0.018982,-0.997925
491,-0.000824,-0.019196,-0.998505
492,-0.002914,-0.019516,-0.999313
493,-0.002594,-0.018738,-0.997849
494,-0.001846,-0.017975,-0.99913
495,-0.001663,-0.018723,-0.999634
496,-0.00293,-0.019852,-0.998169
497,-0.00235,-0.019775,-0.996552
498,-0.000824,-0.019119,-0.99678
499,-0.000992,-0.019348,-0.998505
500,-0.002792,-0.019958,-0.998901
501,-0.001938,-0.019318,-0.998779
502,-6.1e-05,-0.019089,-0.999191
503,-0.001648,-0.01889,-1.000488
504,-0.003418,-0.019165,-0.998962
505,-0.001953,-0.019241,-0.998032
506,-0.000381,-0.019684,-0.995865
507,-0.001984,-0.019058,-0.996307
508,-0.00148,-0.018814,-1.000778
509,-0.003159,-0.019089,-1.000305
510,-0.002426,-0.019028,-1.00058
511,-0.00029,-0.0186,-0.998505
512,-0.002029,-0.01976,-1.000458
513,-0.00296,-0.020111,-0.998108
514,-0.001114,-0.01976,-0.997925
515,0.000427,-0.019257,-0.99826
516,-0.001984,-0.019043,-0.997757
517,-0.003601,-0.019089,-0.999054
518,-0.001144,-0.019485,-1.000656
519,0.000931,-0.018448,-0.999466
520,-0.00267,-0.020294,-0.997284
521,-0.002426,-0.018356,-0.998856
522,0.000275,-0.019867,-0.999329
523,-0.000336,-0.020111,-0.997757
524,-0.002441,-0.01889,-0.996277
525,-0.00293,-0.01886,-0.996994
526,0.00029,-0.01886,-0.998276
527,-0.000534,-0.018692,-0.997284
528,-0.002792,-0.019272,-1.001129
529,-0.001831,-0.019135,-0.999252
530,0.000397,-0.019989,-0.99913
531,-0.000977,-0.019516,-0.997971
532,-0.002045,-0.019714,-0.996826
533,3.1e-05,-0.019699,-0.996399
534,-0.000641,-0.020386,-0.999878
535,-0.002838,-0.01915,-0.998276
536,-0.002365,-0.018295,-1.00116
537,-0.000351,-0.018799,-0.997833
538,0.000504,-0.019043,-1.000244
539,-0.001038,-0.019867,-1.000732
540,-0.003906,-0.018936,-1.00174
541,0.000381,-0.020218,-0.977798
542,0.000885,-0.019165,-0.997589
543,-0.004715,-0.01825,-1.000397
544,-0.005661,-0.019547,-0.999191
545,0.002029,-0.019379,-1.003403
546,0.001129,-0.018341,-0.998672
547,-0.005096,-0.019043,-0.997818
548,-0.005814,-0.019257,-1.000595
549,0.001953,-0.019348,-0.998489
550,0.000717,-0.018951,-0.994781
551,-0.006577,-0.019485,-0.995636
552,-0.004166,-0.019379,-0.998413
553,0.003082,-0.018494,-0.999878
554,0.001297,-0.018539,-0.998047
555,-0.005493,-0.019135,-0.997726
556,-0.00325,-0.018967,-1.000763
557,0.004333,-0.019226,-0.999817
558,-0.000702,-0.020035,-0.997696
559,-0.007462,-0.019211,-0.995712
560,-0.002365,-0.019867,-0.996155
561,0.002518,-0.019424,-0.999161
562,-0.000519,-0.018066,-0.999603
563,-0.00589,-0.018631,-0.999084
564,-0.001389,-0.018921,-0.999725
565,0.003021,-0.019547,-0.999893
566,-0.001602,-0.018234,-1.000504
567,-0.005432,-0.019379,-0.998566
568,-0.001587,-0.019165,-0.997299
569,0.003052,-0.019073,-0.996155
570,-0.002335,-0.018982,-0.99765
571,-0.005676,-0.018555,-1.000092
572,-0.000717,-0.019272,-0.999924
573,0.002731,-0.018143,-0.998993
574,-0.002457,-0.018204,-0.99942
575,-0.004776,-0.019913,-0.99826
576,0.000427,-0.019302,-0.997757
577,0.001587,-0.019012,-0.996918
578,-0.003311,-0.019257,-0.996857
579,-0.005081,-0.019135,-0.997787
580,0.000977,-0.020187,-1.000168
581,0.001755,-0.019119,-1.000092
582,-0.003036,-0.017975,-0.997543
583,-0.004822,-0.018875,-0.999557
584,0.000702,-0.019577,-1.00029
585,0.001099,-0.01976,-0.997665
586,-0.003357,-0.019226,-0.995926
587,-0.005081,-0.019669,-0.997131
588,0.000748,-0.019272,-0.997818
589,0.001419,-0.019836,-1.000061
590,-0.003082,-0.018539,-0.999069
591,-0.004456,-0.018478,-0.998199
592,0.000504,-0.018723,-0.999832
593,0.000473,-0.01886,-0.998077
594,-0.004211,-0.019028,-0.99675
595,-0.003571,-0.020004,-0.995193
596,0.00058,-0.018799,-0.996094
597,0.001083,-0.019196,-0.999619
598,-0.003601,-0.019501,-0.999023
599,-0.003403,-0.019638,-1.000885
600,0.000702,-0.019089,-0.999588
601,-0.000656,-0.018707,-1.000519
602,-0.003098,-0.019501,-0.998581
603,-0.00116,-0.019714,-0.998581
604,0.000824,-0.019348,-0.998383
605,-0.00293,-0.019043,-0.997955
606,-0.005966,-0.019272,-0.997055
607,-0.00029,-0.019653,-1.002686
608,0.002121,-0.019379,-0.999344
609,-0.003342,-0.01857,-0.998688
610,-0.004272,-0.017685,-0.998062
611,4.6e-05,-0.018448,-0.998413
612,0.001785,-0.01915,-0.998383
613,-0.005188,-0.020081,-0.997696
614,-0.005127,-0.01857,-0.997726
615,0.002335,-0.018845,-1.000366
616,0.001419,-0.019089,-1.00032
617,-0.005157,-0.019714,-1.000748
618,-0.004471,-0.019196,-0.997986
619,0.001297,-0.019028,-0.998764
620,0.00116,-0.01918,-1.000198
621,-0.00528,-0.01973,-0.997467
622,-0.003311,-0.019424,-0.996078
623,0.002243,-0.018921,-0.997055
624,-0.000336,-0.018967,-0.997925
625,-0.005783,-0.018066,-0.999649
626,-0.000153,-0.018951,-0.995697
627,0.002991,-0.019379,-0.997955
628,-0.000977,-0.01944,-0.999878
629,-0.005585,-0.018723,-0.998901
630,-0.00325,-0.019806,-0.996124
631,0.001877,-0.019684,-0.996658
632,4.6e-05,-0.019058,-0.997574
633,-0.004807,-0.019135,-0.998138
634,-0.003174,-0.019348,-0.997055
635,0.002136,-0.018875,-0.999176
636,0.00087,-0.018967,-0.999619
637,-0.004898,-0.019577,-0.999878
638,-0.002762,-0.019394,-0.99884
639,0.001205,-0.019333,-0.996613
640,-0.000809,-0.019135,-0.997284
641,-0.005707,-0.019882,-0.995956
642,-0.002411,-0.018936,-1.000763
643,0.002365,-0.018814,-0.998932
644,-0.001663,-0.019012,-0.999588
645,-0.005142,-0.018921,-0.998871
646,-0.001862,-0.018814,-0.998489
647,0.002121,-0.019424,-0.998459
648,-0.001129,-0.019745,-0.998795
649,-0.005997,-0.019455,-0.996506
650,-0.001602,-0.019394,-0.99855
651,0.001984,-0.018524,-0.999802
652,-0.00174,-0.019165,-0.999496
653,-0.005341,-0.018204,-0.99762
654,-0.001022,-0.019089,-0.998001
655,0.002594,-0.018616,-0.999374
656,-0.002197,-0.018921,-0.997925
657,-0.003937,-0.020004,-0.997406
658,-0.001312,-0.019821,-0.996796
659,0.002136,-0.018585,-0.999771
660,-0.002258,-0.019699,-0.999832
661,-0.004074,-0.019272,-0.998734
662,-0.000839,-0.018555,-0.998093
663,0.001038,-0.018341,-1.000153
664,-0.003082,-0.019913,-1.001038
665,-0.004807,-0.019196,-0.999054
666,-0.000122,-0.020309,-0.995865
667,0.000626,-0.019684,-0.996536
668,-0.002701,-0.018799,-0.998779
669,-0.004639,-0.019379,-0.998032
670,6.1e-05,-0.018646,-0.999039
671,0.001389,-0.018738,-0.998322
672,-0.003265,-0.019974,-0.999924
673,-0.00351,-0.018509,-0.999969
674,0.00029,-0.019714,-0.999619
675,0.00087,-0.019455,-0.996429
676,-0.004379,-0.018814,-0.995636
677,-0.003815,-0.019394,-0.999191
678,0.00032,-0.019058,-1.000015
679,9.2e-05,-0.018402,-0.998199
680,-0.004913,-0.019196,-0.99852
681,-0.003723,-0.019882,-0.997711
682,0.000809,-0.018417,-0.999146
683,0.000259,-0.018661,-0.998306
684,-0.003387,-0.01918,-0.997269
685,-0.002823,-0.018951,-0.997482
686,0.001511,-0.019653,-0.999878
687,6.1e-05,-0.018494,-0.998917
688,-0.003326,-0.01886,-0.998947
689,-0.001953,-0.019058,-1.000229
690,0.001114,-0.01918,-0.999496
691,-0.000229,-0.018127,-0.999191
692,-0.003128,-0.019638,-0.997757
693,-0.002823,-0.019806,-0.996552
694,0.001083,-0.019012,-0.996201
695,-0.000809,-0.018799,-0.997543
696,-0.003738,-0.019745,-0.998459
697,-0.002106,-0.017975,-0.999176
698,0.000717,-0.018082,-0.999512
699,-0.001297,-0.018341,-0.999985
700,-0.003967,-0.019318,-0.999023
701,4.6e-05,-0.01918,-0.998505
702,0.000702,-0.019501,-0.997025
703,-0.001724,-0.019272,-0.996841
704,-0.004333,-0.01918,-0.997452
705,-0.000763,-0.01915,-0.999481
706,-0.00029,-0.018738,-0.9991
707,-0.001373,-0.019424,-0.996658
708,-0.003845,-0.018539,-0.99913
709,-0.001694,-0.020462,-1.000473
710,-0.000168,-0.019272,-0.997345
711,-0.001694,-0.019928,-0.99498
712,-0.004089,-0.020142,-0.997147
713,-0.000473,-0.019943,-1.000534
714,0.000885,-0.019058,-0.999069
715,-0.001831,-0.018936,-0.999008
716,-0.004318,-0.019424,-0.998489
717,7.6e-05,-0.019135,-0.999802
718,0.000534,-0.01976,-0.998901
719,-0.002151,-0.019485,-0.996277
720,-0.003876,-0.019867,-0.996521
721,-0.001099,-0.019928,-0.99646
722,-0.000381,-0.018707,-0.998932
723,-0.003296,-0.019455,-0.998688
724,-0.003326,-0.019165,-0.999054
725,-1.5e-05,-0.019241,-0.99939
726,0.000702,-0.019302,-1.000015
727,-0.002487,-0.019135,-0.998413
728,-0.002884,-0.018417,-0.997131
729,0.000168,-0.019638,-0.997421
730,-0.000565,-0.019775,-0.998215
731,-0.002625,-0.019379,-0.999207
732,-0.002655,-0.019272,-0.999283
733,0.000778,-0.019043,-0.999893
734,-0.000198,-0.018921,-0.998871
735,-0.003113,-0.019775,-0.998627
736,-0.00174,-0.018402,-0.998199
737,-0.000687,-0.01973,-0.997238
738,-0.001663,-0.019958,-0.99791
739,-0.004013,-0.019028,-0.995743
740,-0.003067,-0.019318,-0.997711
741,0.000565,-0.01947,-0.99855
742,-0.000961,-0.019089,-1.00058
743,-0.003159,-0.02034,-0.998901
744,-0.001297,-0.019104,-0.998642
745,0.000305,-0.018951,-0.9991
746,-0.001785,-0.019836,-0.997833
747,-0.003067,-0.018753,-0.996552
748,-0.001221,-0.019562,-0.997589
749,0.000168,-0.019775,-0.999619
750,-0.001633,-0.018311,-1.000153
751,-0.00293,-0.018494,-0.999985
752,-0.000946,-0.019318,-0.99968
753,-0.000229,-0.019577,-0.999969
754,-0.002518,-0.018646,-0.998215
755,-0.003922,-0.020035,-0.996201
756,-0.00177,-0.019226,-0.995544
757,0.000153,-0.019806,-0.997849
758,-0.003311,-0.019379,-0.998917
759,-0.002579,-0.019272,-0.998901
760,7.6e-05,-0.01918,-0.999222
761,6.1e-05,-0.0186,-0.999802
762,-0.00145,-0.019196,-0.999313
763,-0.00415,-0.018768,-0.997635
764,-0.000229,-0.019272,-0.995895
765,-0.000626,-0.018677,-0.996948
766,-0.002258,-0.019257,-0.997971
767,-0.00293,-0.019592,-0.999435
768,-0.001144,-0.018814,-0.998688
769,0.000259,-0.019806,-0.99852
770,-0.00264,-0.019012,-0.99942
771,-0.002686,-0.019196,-0.998703
772,-0.001556,-0.019165,-0.998108
773,-0.00119,-0.019669,-0.996582
774,-0.002136,-0.019684,-0.996262
775,-0.001877,-0.019547,-0.999252
776,-0.001373,-0.020111,-1.000595
777,-0.001053,-0.019638,-1.00029
778,-0.003799,-0.018875,-0.998474
779,-0.001709,-0.01828,-0.999176
780,0.00087,-0.019287,-1.003021
781,-0.000732,-0.01886,-0.993668
782,-0.003448,-0.020294,-1.000931
783,-0.003403,-0.019348,-1.004059
784,0.000488,-0.02002,-0.999405
785,-9.2e-05,-0.01886,-0.99881
786,-0.002579,-0.018295,-0.999527
787,-0.003143,-0.019058,-0.999924
788,0.000778,-0.018845,-0.99765
789,0.000183,-0.018555,-0.99794
790,-0.002258,-0.019119,-0.998749
791,-0.002197,-0.019409,-0.997589
792,-0.000366,-0.019516,-0.996643
793,0.000641,-0.019302,-0.99794
794,-0.00351,-0.01947,-0.99852
795,-0.002487,-0.019958,-0.998367
796,0.001053,-0.019592,-0.999725
797,-0.000717,-0.019196,-0.998077
798,-0.00383,-0.019073,-0.998489
799,-0.000839,-0.019836,-0.998444
800,0.001877,-0.020004,-0.996475
801,-0.001404,-0.018753,-0.997833
802,-0.003708,-0.018173,-0.997833
803,-0.001007,-0.019211,-0.998352
804,0.001373,-0.018372,-0.998611
805,-0.001984,-0.019257,-1.000153
806,-0.003372,-0.019455,-0.998535
807,-0.001617,-0.019257,-0.998627
808,0.000732,-0.019257,-0.997696
809,-0.001312,-0.01944,-0.996307
810,-0.002579,-0.02002,-0.997421
811,-0.000687,-0.019638,-0.998611
812,0.000961,-0.01918,-0.999603
813,-0.001144,-0.019012,-0.999756
814,-0.00322,-0.018906,-0.99762
815,0.000366,-0.018723,-0.998856
816,0.001343,-0.019211,-0.998199
817,-0.00119,-0.020493,-0.997757
818,-0.002502,-0.019577,-0.99736
819,-0.000854,-0.019363,-0.996811
820,-0.000259,-0.019699,-0.998871
821,-0.001892,-0.018661,-0.999588
822,-0.002441,-0.018814,-0.999084
823,-0.000687,-0.018967,-0.998337
824,0.00029,-0.019333,-0.999252
825,-0.001602,-0.01947,-0.999664
826,-0.002411,-0.019821,-0.997543
827,-0.000397,-0.01944,-0.996719
828,0.000275,-0.019226,-0.997345
829,-0.002274,-0.019043,-0.997726
830,-0.001434,-0.018661,-0.99968
831,0.00032,-0.019073,-0.999512
832,0.000198,-0.019135,-0.998627
833,-0.001862,-0.018661,-0.99826
834,-0.002182,-0.020203,-0.998703
835,0.000885,-0.019806,-0.998734
836,-0.000595,-0.019257,-0.996887
837,-0.002258,-0.019302,-0.997604
838,-0.001541,-0.018311,-0.999283
839,0.000458,-0.018723,-1.000122
840,-0.000931,-0.019104,-0.999146
841,-0.00177,-0.01918,-0.997604
842,-0.000687,-0.019272,-0.999573
843,0.000748,-0.018143,-0.999649
844,-0.000885,-0.019653,-0.996826
845,-0.001907,-0.019836,-0.996994
846,-0.001236,-0.019165,-0.996384
847,-4.6e-05,-0.019043,-0.998184
848,-0.000687,-0.018524,-0.99884
849,-0.001678,-0.019623,-0.997711
850,-0.00148,-0.018661,-0.99855
851,0.001205,-0.018814,-0.998123
852,-0.001663,-0.018814,-0.997421
853,-0.001617,-0.019455,-0.997223
854,-0.001114,-0.019516,-0.99614
855,0.000168,-0.020615,-0.997772
856,-0.00116,-0.019257,-0.998093
857,-0.002151,-0.018814,-0.998444
858,-0.000504,-0.018265,-1.000122
859,0.000778,-0.019379,-0.998505
860,-0.001434,-0.018448,-0.998474
861,-0.001633,-0.019638,-0.997314
862,-0.000259,-0.019547,-0.997421
863,1.5e-05,-0.018799,-0.995529
864,-0.001556,-0.019348,-0.997208
865,-0.002426,-0.018082,-0.998474
866,0.00032,-0.019287,-0.998047
867,0.000427,-0.01886,-0.999588
868,-0.001328,-0.018387,-0.998093
869,-0.002319,-0.018753,-0.997879
870,0.0,-0.019485,-0.999176
871,-0.000488,-0.019058,-0.997177
872,-0.002075,-0.019348,-0.996429
873,-0.001404,-0.019714,-0.99585
874,0.000183,-0.019577,-0.998825
875,0.000275,-0.019211,-0.999603
876,-0.000977,-0.019958,-0.999619
877,-0.001297,-0.018967,-0.998611
878,-0.000885,-0.019318,-0.998764
879,0.000427,-0.019226,-0.999191
880,-0.001984,-0.018585,-0.996689
881,-0.002228,-0.019287,-0.996719
882,0.000977,-0.019058,-0.998322
883,-0.000671,-0.018936,-0.999664
884,-0.002121,-0.019058,-0.998795
885,-0.001663,-0.019653,-0.998886
886,0.00119,-0.019699,-1.000275
887,-0.000381,-0.020187,-0.999542
888,-0.001755,-0.01886,-0.997375
889,-0.000534,-0.019409,-0.997284
890,-0.000336,-0.018555,-0.997223
891,-0.000885,-0.019882,-0.99733
892,-0.001694,-0.018723,-0.998474
893,-0.001221,-0.01947,-0.997543
894,-0.000107,-0.01918,-0.999725
895,-0.000427,-0.019485,-0.999512
896,-0.001755,-0.018906,-0.999191
897,-0.000641,-0.019943,-0.997528
898,0.000702,-0.019745,-0.997253
899,-0.000488,-0.019196,-0.997742
900,-0.001984,-0.018707,-0.997498
901,-0.000809,-0.0186,-0.997955
902,0.000671,-0.018311,-0.999634
903,-0.00087,-0.018738,-0.998703
904,-0.001907,-0.019699,-0.998245
905,-0.000412,-0.019791,-0.999191
906,0.000366,-0.019424,-0.9991
907,-0.001373,-0.019638,-0.996948
908,-0.001801,-0.019211,-0.997498
909,-0.000443,-0.019943,-0.997726
910,-0.000534,-0.018906,-0.998734
911,-0.002106,-0.018097,-0.997986
912,-0.001099,-0.018814,-0.998184
913,0.000198,-0.019058,-0.998123
914,3.1e-05,-0.019028,-0.998901
915,-0.00116,-0.019119,-0.998917
916,-0.001068,-0.019363,-0.996368
917,-0.000153,-0.019943,-0.996094
918,0.00032,-0.01889,-0.997498
919,-0.001678,-0.018372,-0.999619
920,-0.001755,-0.018173,-0.999908
921,-0.000687,-0.019424,-0.998947
922,-1.5e-05,-0.018936,-0.998459
923,-0.002411,-0.019165,-1.000076
924,-0.000534,-0.019073,-0.998734
925,0.000427,-0.018814,-0.997894
926,-0.000198,-0.019211,-0.995682
927,0.000137,-0.018982,-0.997711
928,-0.001007,-0.019958,-0.998993
929,0.000641,-0.01886,-0.998199
930,1.5e-05,-0.018982,-0.998581
931,-0.001404,-0.019592,-0.998352
932,-0.001129,-0.018875,-0.99939
933,-1.5e-05,-0.018402,-0.997162
934,-0.001205,-0.01947,-0.996201
935,-0.001678,-0.01944,-0.998199
936,-0.001007,-0.018982,-0.998703
937,0.000168,-0.019135,-0.99823
938,-0.001221,-0.019226,-0.998947
939,-0.001404,-0.018875,-0.998795
940,-0.001785,-0.018631,-0.999969
941,-0.000534,-0.01973,-0.999268
942,-3.1e-05,-0.019531,-0.997375
943,-0.001709,-0.019058,-0.996506
944,-0.001205,-0.019363,-0.997269
945,0.000244,-0.019089,-0.998322
946,-0.001022,-0.020309,-0.998108
947,-0.001572,-0.01976,-0.998749
948,-0.000122,-0.018539,-0.998917
949,-0.000473,-0.019028,-0.997726
950,-0.000748,-0.020477,-0.997574
951,-0.002151,-0.019196,-0.997498
952,-0.00029,-0.019363,-0.996323
953,0.000443,-0.01918,-0.997482
954,-0.001953,-0.019821,-0.997253
955,0.000137,-0.019135,-0.998688
956,-0.000549,-0.018875,-0.998535
957,-6.1e-05,-0.018921,-0.998444
958,-0.001373,-0.019257,-0.998871
959,-0.000961,-0.019638,-0.998428
960,0.000122,-0.018906,-0.998093
961,-0.000504,-0.018951,-0.995361
962,-0.001373,-0.020584,-0.997772
963,-0.000137,-0.018936,-0.999161
964,1.5e-05,-0.019424,-1.000092
965,0.000229,-0.019913,-0.99942
966,-0.001434,-0.018997,-0.99794
967,-0.00116,-0.019653,-0.99968
968,-0.000275,-0.018127,-0.999237
969,-0.00029,-0.019119,-0.998032
970,-0.001236,-0.019211,-0.99646
971,-0.001205,-0.019531,-0.998108
972,0.000732,-0.019562,-0.998978
973,-0.000977,-0.018997,-0.998672
974,-0.000488,-0.0186,-0.997864
975,-0.000732,-0.020325,-0.998306
976,1.5e-05,-0.019882,-1.000458
977,-0.000565,-0.018341,-0.999069
978,-0.00032,-0.018967,-0.995682
979,-0.000534,-0.019272,-0.996231
980,-0.000656,-0.018982,-0.997452
981,-0.001114,-0.018738,-0.999313
982,-0.001556,-0.017899,-0.997833
983,4.6e-05,-0.019272,-0.999863
984,-0.00029,-0.018555,-0.998016
985,-0.001419,-0.019104,-0.99826
986,-0.000626,-0.01918,-0.999359
987,-0.000778,-0.019348,-0.997009
988,9.2e-05,-0.018555,-0.997498
989,-0.000854,-0.019485,-0.996307
990,-0.00116,-0.018173,-0.998932
991,3.1e-05,-0.018433,-0.999374
992,-4.6e-05,-0.019913,-0.998688
993,-0.000931,-0.019409,-0.999619
994,-0.001114,-0.01828,-0.998947
995,-0.00116,-0.019363,-0.998306
996,-0.000534,-0.019913,-0.997681
997,-0.000854,-0.019058,-0.99707
998,-0.00177,-0.019821,-0.99791
999,0.000458,-0.018784,-0.997803
1000,-0.000107,-0.019684,-0.998596
1001,-0.000885,-0.018723,-0.998047
1002,-0.001511,-0.018631,-0.999603
1003,-0.000671,-0.019852,-0.999023
1004,-0.000809,-0.01889,-0.998138
1005,-0.000839,-0.019287,-0.997604
1006,-0.000259,-0.019318,-0.999619
1007,0.000107,-0.018677,-0.99321
1008,-0.00174,-0.019516,-1.000076
1009,-0.001678,-0.018524,-0.998322
1010,-6.1e-05,-0.018982,-0.999756
1011,0.000275,-0.018738,-1.000244
1012,-0.001541,-0.019104,-0.999542
1013,-0.001312,-0.019775,-0.998383
1014,7.6e-05,-0.018875,-0.997177
1015,0.000259,-0.018921,-0.998657
1016,-0.000793,-0.018951,-0.999115
1017,-0.002045,-0.018845,-0.99939
1018,-4.6e-05,-0.018005,-0.996445
1019,0.000778,-0.018341,-0.998627
1020,-0.001526,-0.018677,-0.998657
1021,-0.000824,-0.018799,-0.998444
1022,-0.000397,-0.019455,-0.999084
1023,-0.000534,-0.019531,-0.997375
1024,-0.001495,-0.018127,-0.997894
1025,-0.001251,-0.018768,-0.997879
1026,9.2e-05,-0.019135,-0.999588
1027,-0.000214,-0.018372,-0.998444
1028,-0.00145,-0.019257,-0.997757
1029,-0.001373,-0.020065,-0.99881
1030,-1.5e-05,-0.019531,-0.999084
1031,-0.000397,-0.018311,-0.998398
1032,-0.001099,-0.019318,-0.996414
1033,-0.001816,-0.018799,-0.997467
1034,-0.000397,-0.019409,-0.998962
1035,-0.002136,-0.019058,-0.99762
1036,-0.000916,-0.018234,-0.999954
1037,-0.000534,-0.018539,-0.999161
1038,0.000244,-0.018723,-0.998505
1039,-0.000427,-0.019226,-0.998367
1040,-0.001205,-0.019623,-0.999084
1041,-0.000412,-0.01918,-0.997025
1042,-0.000122,-0.018875,-0.996613
1043,-0.000626,-0.018555,-0.997742
1044,-0.001129,-0.018204,-0.998001
1045,-0.000595,-0.019287,-0.999451
1046,-0.00116,-0.019302,-0.999893
1047,0.00032,-0.019806,-0.999207
1048,-0.000732,-0.019943,-0.999084
1049,-0.00145,-0.019791,-0.997635
1050,-0.000656,-0.018631,-0.99678
1051,-0.000961,-0.018631,-0.997757
1052,-0.000793,-0.019165,-0.997681
1053,-0.000656,-0.018646,-0.999374
1054,-6.1e-05,-0.019043,-0.999863
1055,-1.5e-05,-0.018188,-0.999023
1056,-0.001007,-0.019333,-0.997879
1057,-6.1e-05,-0.01918,-0.998703
1058,-4.6e-05,-0.018753,-0.996689
1059,-0.000458,-0.019913,-0.996948
1060,-0.001801,-0.019836,-0.99884
1061,-0.001602,-0.018799,-1.013779
1062,0.001862,-0.018646,-1.002533
1063,-0.000977,-0.020203,-1.001633
1064,-0.001953,-0.019989,-0.998734
1065,9.2e-05,-0.018326,-0.99884
1066,0.000427,-0.019745,-0.997223
1067,-0.001587,-0.019638,-0.997528
1068,-0.002289,-0.019302,-0.996674
1069,0.000732,-0.019043,-0.997269
1070,0.000732,-0.019455,-0.998093
1071,-0.000168,-0.020004,-0.998077
1072,-0.002243,-0.018158,-0.998703
1073,0.000412,-0.01828,-0.997223
1074,0.001083,-0.019119,-0.998779
1075,-0.002502,-0.018997,-0.998215
1076,-0.002823,-0.019012,-0.998505
1077,-9.2e-05,-0.018539,-0.996475
1078,0.000702,-0.019684,-0.997086
1079,-0.000961,-0.019211,-0.998077
1080,-0.002838,-0.019363,-0.999374
1081,0.000458,-0.018524,-0.999924
1082,6.1e-05,-0.019363,-0.998093
1083,-0.001755,-0.019257,-0.998093
1084,-0.002396,-0.019714,-0.999161
1085,0.001724,-0.019531,-0.999039
1086,0.000458,-0.019608,-0.996506
1087,-0.002304,-0.01889,-0.997742
1088,-0.001678,-0.0186,-0.998016
1089,0.000305,-0.019104,-1.000488
1090,-0.000107,-0.018677,-0.999329
1091,-0.001465,-0.018646,-0.998413
1092,-0.001404,-0.018829,-0.997009
1093,0.000977,-0.019211,-0.998062
1094,-0.000992,-0.018829,-0.998489
1095,-0.00177,-0.018494,-0.996689
1096,-0.001602,-0.019745,-0.996582
1097,0.001343,-0.019073,-0.9991
1098,-0.00058,-0.019073,-0.998535
1099,-0.002213,-0.019379,-0.998367
1100,-0.001266,-0.019684,-0.998749
1101,0.000702,-0.018829,-0.998749
1102,-0.000259,-0.019638,-0.998352
1103,-0.00174,-0.020065,-0.997498
1104,-0.00087,-0.019501,-0.995514
1105,0.00058,-0.018539,-0.996155
1106,-0.000931,-0.019272,-0.997849
1107,-0.002228,-0.019531,-0.999649
1108,-0.00116,-0.018356,-0.999741
1109,0.001266,-0.019562,-0.999298
1110,-0.001877,-0.019531,-0.998642
1111,-0.002518,-0.018631,-0.996796
1112,-0.000961,-0.018997,-0.996368
1113,0.000641,-0.019745,-0.996109
1114,-0.001007,-0.018906,-0.997543
1115,-0.002777,-0.019012,-0.998688
1116,0.00029,-0.018555,-0.998428
1117,0.000717,-0.01886,-0.997742
1118,-0.001617,-0.019348,-0.998642
1119,-0.000961,-0.01915,-0.999008
1120,0.000168,-0.018997,-0.998398
1121,-0.000198,-0.019287,-0.997253
1122,-0.000854,-0.020096,-0.996124
1123,-0.001236,-0.018951,-0.997299
1124,0.000748,-0.01889,-0.998947
1125,0.000336,-0.019119,-0.998459
1126,-0.002014,-0.01889,-0.998474
1127,-0.001236,-0.01886,-0.999023
1128,3.1e-05,-0.018875,-0.998123
1129,-0.000534,-0.019653,-0.99881
1130,-0.002258,-0.019104,-0.997101
1131,-0.001114,-0.019669,-0.997009
1132,0.000168,-0.018997,-0.99823
1133,-0.000763,-0.019272,-0.999985
1134,-0.000534,-0.018295,-0.998642
1135,-0.00058,-0.017868,-0.998199
1136,0.000305,-0.019592,-0.99913
1137,-0.000412,-0.020538,-0.998154
1138,-0.001617,-0.019043,-0.99736
1139,-0.0009,-0.018753,-0.997192
1140,0.000931,-0.019104,-0.997116
1141,-0.00087,-0.019455,-0.997452
1142,-0.002136,-0.019608,-0.998611
1143,-0.000549,-0.019363,-0.999496
1144,0.000626,-0.019394,-0.998657
1145,0.000198,-0.019516,-0.998627
1146,-0.001389,-0.019485,-0.998398
1147,-0.000671,-0.018417,-0.998566
1148,9.2e-05,-0.020065,-0.996857
1149,-0.001022,-0.019577,-0.997971
1150,-0.002045,-0.019897,-0.998917
1151,-0.000748,-0.018951,-0.997482
1152,-0.000351,-0.019531,-0.99765
1153,-0.001236,-0.018097,-0.999084
1154,-0.001465,-0.020126,-0.998428
1155,0.000107,-0.018433,-0.998337
1156,0.0,-0.019394,-0.997086
1157,-0.000381,-0.02037,-0.996552
1158,-0.001007,-0.019318,-0.996689
1159,-0.001175,-0.019028,-0.999374
1160,0.000473,-0.018997,-0.999252
1161,-0.001801,-0.018234,-0.997559
1162,-0.00206,-0.018936,-0.997101
1163,6.1e-05,-0.018799,-0.998932
1164,0.000671,-0.019745,-0.997772
1165,-0.000992,-0.019318,-0.996948
1166,-0.000595,-0.018692,-0.996674
1167,-0.000153,-0.018173,-0.996796
1168,0.000931,-0.01889,-0.998932
1169,-0.001541,-0.019424,-0.998688
1170,-0.001175,-0.018646,-0.999069
1171,0.000671,-0.018433,-0.998322
1172,-1.5e-05,-0.018677,-0.997742
1173,-0.002029,-0.019012,-0.998306
1174,-0.000961,-0.019196,-0.996765
1175,-0.000259,-0.018005,-0.996826
1176,-0.001465,-0.01944,-0.997406
1177,-0.001602,-0.01918,-0.997269
1178,-0.001114,-0.018509,-0.999069
1179,-0.000122,-0.018738,-0.997696
1180,-0.000992,-0.018631,-0.998505
1181,-0.001053,-0.019196,-0.998489
1182,-0.000427,-0.019241,-0.998917
1183,0.000854,-0.019073,-0.996567
1184,-0.000946,-0.019028,-0.997513
1185,-0.001953,-0.018631,-0.997543
1186,1.5e-05,-0.01976,-0.998749
1187,-0.000305,-0.01825,-0.998093
1188,-0.000366,-0.019135,-0.998352
1189,-0.00174,-0.019211,-0.997604
1190,-0.000732,-0.018845,-0.999939
1191,-0.000381,-0.018433,-0.998413
1192,-0.001617,-0.019165,-0.99823
1193,-0.001984,-0.01857,-0.998062
1194,-0.000488,-0.019058,-0.9953
1195,-7.6e-05,-0.018646,-0.996933
1196,-0.001907,-0.018097,-0.997681
1197,-0.000275,-0.019012,-0.997787
1198,0.000122,-0.018265,-0.998062
1199,0.0,-0.01915,-0.998474
1200,-0.001755,-0.018845,-0.997986
1201,-0.000824,-0.018875,-0.997147
1202,-0.000473,-0.018951,-0.997009
1203,-0.000473,-0.019806,-0.997147
1204,-0.000961,-0.018814,-0.997757
1205,-0.001343,-0.018646,-0.997269
1206,-0.000504,-0.019211,-0.998901
1207,-0.00058,-0.019394,-0.999496
1208,-0.001144,-0.019043,-0.998077
1209,-0.001373,-0.018967,-0.997498
1210,-0.000351,-0.019623,-0.998077
1211,-0.000595,-0.020355,-0.997131
1212,-0.000992,-0.018768,-0.997787
1213,-0.000473,-0.019302,-0.997894
1214,1.5e-05,-0.018585,-0.997452
1215,-0.000122,-0.019257,-0.997971
1216,-0.000778,-0.019272,-0.998154
1217,-0.000259,-0.019516,-0.998215
1218,0.000839,-0.018814,-0.998398
1219,-0.001434,-0.018661,-0.99614
1220,-0.001709,-0.020294,-0.997116
1221,-0.000565,-0.019592,-0.997238
1222,-0.000717,-0.019241,-0.997025
1223,-3.1e-05,-0.018524,-0.999756
1224,-0.000992,-0.018555,-0.998886
1225,-0.000778,-0.018326,-0.997757
1226,0.000259,-0.018631,-0.997223
1227,-0.001099,-0.018005,-0.998886
1228,-0.002136,-0.01973,-0.996201
1229,-0.00058,-0.018448,-0.996872
1230,0.000137,-0.018036,-0.998505
1231,-0.000656,-0.019104,-0.997879
1232,-0.001419,-0.018921,-0.998825
1233,-0.001343,-0.018906,-0.998047
1234,-0.00029,-0.018417,-0.998856
1235,-0.000381,-0.019287,-0.999847
1236,-0.001251,-0.018921,-0.998383
1237,-0.000854,-0.018967,-0.996567
1238,-0.00238,-0.018753,-0.997391
1239,-0.001129,-0.019592,-0.998566
1240,-0.000626,-0.018448,-0.998245
1241,-0.00029,-0.019119,-0.997849
1242,-3.1e-05,-0.019409,-0.999588
1243,-0.001343,-0.018234,-0.99855
1244,-0.000488,-0.018433,-0.997543
1245,-0.000931,-0.019363,-0.997971
1246,-0.000259,-0.018295,-0.997375
1247,-0.001389,-0.019897,-0.996414
1248,-0.000427,-0.019012,-0.997192
1249,-4.6e-05,-0.018906,-0.997833
1250,-0.000336,-0.018402,-0.99823
1251,-0.000824,-0.018509,-0.997742
1252,-0.000183,-0.018219,-0.998474
1253,0.000244,-0.019089,-0.997635
1254,-0.000137,-0.018341,-0.997665
1255,-0.000931,-0.019424,-0.996658
1256,-0.001434,-0.019119,-0.995834
1257,-0.000336,-0.019714,-0.99762
1258,-0.0009,-0.018417,-0.998856
1259,-0.001663,-0.017883,-0.999039
1260,-0.000336,-0.019928,-0.998764
1261,-7.6e-05,-0.018555,-0.999191
1262,-3.1e-05,-0.018906,-0.999237
1263,-0.000488,-0.018173,-0.997696
1264,-0.00119,-0.018738,-0.996185
1265,0.000229,-0.019028,-0.995941
1266,-0.001144,-0.019562,-0.998001
1267,-0.000702,-0.018799,-0.998581
1268,-0.00029,-0.019379,-0.998978
1269,9.2e-05,-0.018738,-0.998291
1270,7.6e-05,-0.01915,-0.998886
1271,-0.000992,-0.019211,-0.998657
1272,-0.000626,-0.019516,-0.997849
1273,-0.000656,-0.018829,-0.997513
1274,-0.000687,-0.018524,-0.996857
1275,-0.000763,-0.018921,-0.997986
1276,-0.000946,-0.019516,-0.99823
1277,-0.000656,-0.019272,-0.998215
1278,-0.000366,-0.018799,-0.996872
1279,-0.001328,-0.01915,-0.998398
1280,-0.000809,-0.019699,-0.998611
1281,-0.000992,-0.019485,-0.998276
1282,-0.000793,-0.020096,-0.996643
1283,-0.000717,-0.019501,-0.99704
1284,-0.000793,-0.0186,-0.997849
1285,7.6e-05,-0.019196,-0.999619
1286,-0.000214,-0.018219,-0.998306
1287,-0.001694,-0.020065,-0.998322
1288,-0.00061,-0.020248,-0.998535
1289,-0.00029,-0.019669,-0.997696
1290,-0.001785,-0.018265,-0.997574
1291,-0.00032,-0.018036,-0.997345
1292,-0.000854,-0.019424,-0.99646
1293,-0.000748,-0.019333,-0.997253
1294,-0.000381,-0.0186,-0.998749
1295,-0.00032,-0.018646,-1.000076
1296,-0.00029,-0.01889,-0.998856
1297,-0.000381,-0.019211,-0.997437
1298,-0.000916,-0.018906,-0.998001
1299,-0.001251,-0.018478,-0.996506
1300,-0.000488,-0.019592,-0.997543
1301,-0.000381,-0.019577,-0.997452
1302,-0.00174,-0.01886,-0.99823
1303,-0.001129,-0.018127,-0.998734
1304,-0.001038,-0.017456,-0.999207
1305,-0.000488,-0.018723,-0.998154
1306,-0.000977,-0.018127,-0.997742
1307,-0.000183,-0.019745,-0.998489
1308,-0.000809,-0.019135,-0.996323
1309,-0.001389,-0.019669,-0.99762
1310,-0.001801,-0.019028,-0.997757
1311,-0.000641,-0.018692,-0.998322
1312,-0.000534,-0.018372,-0.998199
1313,-0.000214,-0.01886,-0.997681
1314,-0.000717,-0.019028,-0.997559
1315,-0.000977,-0.019806,-0.997681
1316,-0.000839,-0.018875,-0.997772
1317,-0.00116,-0.019272,-0.997604
1318,-0.000565,-0.01947,-0.997162
1319,-0.000443,-0.018158,-0.997589
1320,7.6e-05,-0.019135,-0.998535
1321,-0.000519,-0.018646,-0.997604
1322,-0.001053,-0.019516,-0.99881
1323,-0.000961,-0.019073,-0.998444
1324,-0.000885,-0.019241,-0.998123
1325,-0.000366,-0.018982,-0.998459
1326,-0.00058,-0.019028,-0.997009
1327,-0.000229,-0.01944,-0.996414
1328,-0.001266,-0.019592,-0.998077
1329,-0.000748,-0.019913,-0.998657
1330,-0.001083,-0.018524,-0.997849
1331,-0.00087,-0.018829,-0.999542
1332,-0.000504,-0.019455,-0.998199
1333,-0.000275,-0.01886,-0.997375
1334,-0.001099,-0.020081,-0.997299
1335,-4.6e-05,-0.018509,-0.996841
1336,-0.000305,-0.019058,-0.997452
1337,-0.001663,-0.019043,-0.997192
1338,-0.000381,-0.019608,-0.99794
1339,-0.000504,-0.019684,-0.998123
1340,-0.000793,-0.018814,-0.998413
1341,-0.000595,-0.017838,-0.998886
1342,-0.000137,-0.018799,-0.997894
1343,-0.00058,-0.01886,-0.999374
1344,-0.000565,-0.018814,-0.997116
1345,-0.001175,-0.01796,-0.996964
1346,-0.000687,-0.019455,-0.996155
1347,-0.000992,-0.019241,-0.997604
1348,-0.000565,-0.019043,-0.997604
1349,-0.000763,-0.01944,-0.998398
1350,-0.000183,-0.018967,-0.999084
1351,-0.000687,-0.018692,-1.000107
1352,-0.000671,-0.019119,-0.998749
1353,-0.00145,-0.019409,-0.997437
1354,-0.001144,-0.019196,-0.995956
1355,-0.000656,-0.018951,-0.996384
1356,-0.00145,-0.018524,-0.996399
1357,-0.000748,-0.019272,-0.99675
1358,-0.000168,-0.019135,-0.997864
1359,-0.000473,-0.018707,-0.997971
1360,-0.001053,-0.019012,-0.998764
1361,-0.000977,-0.01947,-0.998718
1362,-0.000809,-0.018463,-0.997375
1363,-0.000336,-0.019485,-0.997208
1364,-0.000153,-0.01915,-0.998352
1365,-0.000275,-0.019699,-0.998016
1366,0.000259,-0.019485,-0.997498
1367,9.2e-05,-0.019287,-0.995972
1368,-0.001541,-0.018188,-0.998901
1369,-0.000778,-0.018707,-1.000183
1370,-0.000122,-0.019012,-0.997467
1371,3.1e-05,-0.01857,-0.997299
1372,-0.000763,-0.018982,-0.996582
1373,-0.000778,-0.018616,-0.99765
1374,-0.000671,-0.018555,-0.997864
1375,-0.000259,-0.018646,-0.998947
1376,-0.000702,-0.018341,-0.998062
1377,-0.000153,-0.01886,-0.997772
1378,-0.000748,-0.019653,-0.99794
1379,-0.000305,-0.019226,-0.996353
1380,-0.000565,-0.020248,-0.996628
1381,-0.00087,-0.018539,-0.998093
1382,-0.00087,-0.019821,-0.998886
1383,-0.00029,-0.018326,-0.998856
1384,-0.001038,-0.019119,-0.998169
1385,0.000137,-0.019302,-0.998779
1386,-0.000992,-0.019043,-0.997238
1387,-0.000565,-0.018692,-0.996689
1388,-0.000839,-0.019684,-0.995773
1389,-0.000275,-0.019455,-0.996735
1390,-0.000778,-0.018661,-0.998184
1391,-0.001343,-0.019058,-0.998886
1392,-0.001709,-0.019165,-0.998367
1393,-0.001709,-0.018768,-0.998779
1394,7.6e-05,-0.018387,-0.997742
1395,-0.000244,-0.018616,-0.998352
1396,-0.00148,-0.01857,-0.999283
1397,-0.000992,-0.019745,-0.997269
1398,-0.000427,-0.018906,-0.997589
1399,-0.000458,-0.020096,-0.998016
1400,-0.00058,-0.019272,-0.997559
1401,9.2e-05,-0.019745,-0.998566
1402,-0.000259,-0.018845,-0.99736
1403,-0.000839,-0.020279,-0.998428
1404,-0.000458,-0.017929,-0.998642
1405,-0.000641,-0.019363,-0.998138
1406,-0.001465,-0.018967,-0.998291
1407,0.000443,-0.018707,-0.99649
1408,-0.001694,-0.019302,-0.998154
1409,-0.000122,-0.01918,-0.998611
1410,-0.000137,-0.018463,-0.997406
1411,-0.000549,-0.018982,-0.998032
1412,-0.001465,-0.01915,-0.996521
1413,-0.000473,-0.019531,-0.998398
1414,-0.000107,-0.01886,-0.998779
1415,-0.000626,-0.01915,-0.99704
1416,-0.000626,-0.019196,-0.99588
1417,-0.001266,-0.01918,-0.998291
1418,-0.000381,-0.018982,-0.996506
1419,-0.001038,-0.019333,-0.997986
1420,-0.001511,-0.018143,-0.997269
1421,-0.000504,-0.018921,-0.999283
1422,-0.000916,-0.018417,-0.997421
1423,-0.000351,-0.019958,-0.996246
1424,-0.00087,-0.020248,-0.996704
1425,-0.001541,-0.019638,-0.996124
1426,-0.000137,-0.019653,-0.997528
1427,-0.001053,-0.020126,-0.998779
1428,-0.000656,-0.019333,-0.999191
1429,6.1e-05,-0.019592,-0.999008
1430,3.1e-05,-0.01973,-0.998016
1431,-0.002045,-0.017929,-0.997726
1432,-0.000458,-0.019547,-0.998138
1433,-3.1e-05,-0.018219,-0.997635
1434,-0.000793,-0.019806,-0.997757
1435,-0.000916,-0.018646,-0.997116
1436,-0.00116,-0.019104,-0.998871
1437,-0.000519,-0.018707,-0.997971
1438,-0.00029,-0.018524,-0.998856
1439,-0.000992,-0.018524,-0.996964
1440,-0.000305,-0.01857,-0.999023
1441,-0.000854,-0.018204,-0.998154
1442,4.6e-05,-0.019196,-0.998062
1443,-0.000427,-0.019821,-0.997086
1444,-0.00029,-0.018158,-0.997849
1445,-0.00119,-0.018753,-0.997787
1446,-0.000549,-0.018158,-0.997498
1447,-0.001099,-0.018463,-0.99791
1448,-0.000336,-0.019241,-0.999924
1449,-0.000229,-0.018967,-0.997604
1450,-0.000656,-0.019058,-0.997787
1451,-0.000214,-0.018127,-0.997253
1452,-9.2e-05,-0.018494,-0.996689
1453,-0.000916,-0.019806,-0.998459
1454,-0.000641,-0.019241,-0.997894
1455,0.0,-0.018539,-0.999161
1456,-0.000229,-0.018906,-0.998215
1457,-0.000168,-0.018921,-0.998749
1458,-0.000809,-0.018555,-0.999161
1459,-0.001297,-0.01973,-0.998337
1460,-0.000122,-0.019516,-0.997116
1461,-0.000595,-0.019897,-0.995636
1462,-0.000641,-0.019516,-0.997375
1463,-0.00087,-0.018616,-0.998581
1464,-0.001678,-0.01886,-0.998077
1465,-0.000839,-0.019394,-1.0009
1466,-0.000732,-0.018356,-0.998047
1467,-0.000168,-0.018997,-0.997559
1468,-0.000229,-0.019821,-0.995697
1469,-0.001526,-0.018387,-0.994736
1470,-1.5e-05,-0.019135,-0.997101
1471,-6.1e-05,-0.01828,-0.998581
1472,-0.000854,-0.018204,-0.997498
1473,-0.001373,-0.019516,-0.999191
1474,0.000565,-0.019409,-0.99791
1475,-0.000778,-0.018509,-0.999069
1476,-0.000305,-0.019424,-0.997818
1477,-0.001816,-0.019318,-0.996414
1478,-0.000687,-0.018372,-0.997253
1479,-0.000885,-0.018936,-0.996628
1480,-0.00087,-0.018661,-0.99675
1481,-0.000839,-0.018188,-0.997696
1482,-0.000626,-0.01915,-0.99884
1483,-0.000824,-0.0186,-0.998566
1484,-0.001083,-0.019135,-0.999084
1485,-0.000809,-0.019562,-0.998352
1486,-0.001053,-0.019089,-0.997711
1487,-0.001205,-0.019974,-0.997726
1488,-0.000549,-0.019516,-0.997391
1489,-0.000671,-0.018723,-0.997787
1490,-0.000443,-0.020172,-0.997452
1491,-0.000168,-0.019974,-0.998276
1492,-0.000305,-0.017914,-0.998795
1493,-0.000946,-0.01944,-0.997971
1494,-0.000717,-0.018051,-0.998184
1495,-0.000977,-0.019485,-0.998825
1496,-0.000504,-0.018814,-0.996857
1497,-0.001022,-0.018982,-0.997299
1498,-0.001007,-0.018936,-0.997421
1499,-0.000275,-0.018951,-0.998993
1500,-0.000565,-0.018448,-0.998108
1501,-0.001358,-0.01889,-0.997604
1502,-0.000687,-0.019012,-0.998672
1503,-0.000992,-0.018265,-0.998398
1504,-0.000458,-0.01918,-0.99704
1505,-0.000504,-0.019394,-0.997894
1506,-0.001282,-0.019257,-0.998398
1507,-0.000305,-0.019363,-0.996506
1508,-0.000793,-0.019516,-0.998444
1509,-0.000153,-0.018677,-0.998291
1510,-0.000916,-0.019501,-0.997742
1511,-0.000809,-0.018692,-0.99762
1512,-0.000336,-0.01828,-0.998428
1513,-0.000198,-0.018768,-0.997116
1514,-0.00116,-0.019714,-0.997314
1515,-0.000397,-0.019501,-0.995453
1516,-6.1e-05,-0.019028,-0.997421
1517,-0.000183,-0.018967,-0.997955
1518,3.1e-05,-0.019104,-0.997711
1519,-0.000824,-0.019485,-0.998779
1520,-0.001617,-0.018661,-0.998245
1521,-0.000504,-0.019669,-0.998123
1522,-0.00116,-0.018936,-0.997665
1523,-0.00032,-0.019318,-0.997086
1524,-0.000809,-0.018723,-0.997162
1525,-0.000183,-0.018661,-0.997086
1526,-0.000565,-0.019073,-0.998917
1527,0.000214,-0.01915,-0.997925
1528,-0.001007,-0.019699,-0.997284
1529,-0.001236,-0.018433,-0.997681
1530,-0.000458,-0.018997,-0.996735
1531,0.000137,-0.019272,-0.997971
1532,-0.000763,-0.019241,-0.997757
1533,-0.000107,-0.019806,-0.99646
1534,-0.000992,-0.01825,-0.997665
1535,-0.000839,-0.018158,-0.998764
1536,-0.001221,-0.018188,-0.997696
1537,-0.000778,-0.019318,-0.998383
1538,-0.000488,-0.018936,-0.997849
1539,-0.001541,-0.018951,-0.997223
1540,-0.000183,-0.019592,-0.997559
1541,-0.000458,-0.019485,-0.996948
1542,-0.000641,-0.019379,-0.998154
1543,-0.001434,-0.018524,-0.997116
1544,-0.000488,-0.01828,-0.998169
1545,-0.000168,-0.019409,-0.996841
1546,-0.000809,-0.01796,-0.997284
1547,-9.2e-05,-0.018585,-0.998306
1548,-0.00061,-0.019577,-0.998108
1549,-0.001175,-0.018936,-0.996628
1550,-0.001053,-0.018951,-0.996201
1551,-0.000885,-0.018707,-0.997208
1552,-0.000961,-0.019547,-0.998001
1553,-0.000275,-0.018555,-0.997726
1554,-0.000763,-0.017975,-0.997604
1555,-0.00029,-0.019089,-0.997894
1556,7.6e-05,-0.018829,-0.998383
1557,-0.000748,-0.019165,-0.997681
1558,-0.000397,-0.019501,-0.997528
1559,-0.000275,-0.019135,-0.996933
1560,-0.00032,-0.018372,-0.99765
1561,-0.000473,-0.018356,-0.996933
1562,-0.000366,-0.018173,-0.998016
1563,-7.6e-05,-0.018753,-0.997864
1564,-0.000824,-0.019073,-0.998428
1565,-0.000351,-0.019745,-0.99852
1566,-0.001205,-0.018112,-0.997986
1567,-0.00087,-0.019485,-0.996841
1568,-0.00029,-0.019073,-0.996872
1569,-0.000549,-0.018509,-0.997452
1570,-0.000793,-0.018799,-0.997726
1571,0.000107,-0.019531,-0.999847
1572,-0.001083,-0.018646,-0.999649
1573,-0.000671,-0.019287,-0.998322
1574,-0.000641,-0.017899,-0.998993
1575,-0.001083,-0.018478,-0.998352
1576,-0.001099,-0.019073,-0.996933
1577,-0.000641,-0.019638,-0.996292
1578,-0.001221,-0.018127,-0.997498
1579,-0.00032,-0.018814,-0.997116
1580,-0.000397,-0.01857,-0.99762
1581,-0.001511,-0.018478,-0.997574
1582,-0.000351,-0.019211,-0.99913
1583,-0.001053,-0.019028,-0.998322
1584,-0.00032,-0.019119,-0.998306
1585,-0.000488,-0.018646,-0.997559
1586,-0.000565,-0.019653,-0.99736
1587,-0.000473,-0.019211,-0.998367
1588,-0.000504,-0.0186,-0.997711
1589,-0.000732,-0.018494,-0.998413
1590,-0.001083,-0.01828,-0.996353
1591,-0.000839,-0.018677,-0.996338
1592,-0.000626,-0.018234,-0.998154
1593,-0.000275,-0.019104,-0.997543
1594,-0.000687,-0.019409,-0.997604
1595,-0.000671,-0.019409,-0.997818
1596,-0.000854,-0.019012,-0.996658
1597,-7.6e-05,-0.019684,-0.997437
1598,-0.000992,-0.018753,-0.997803
1599,-0.001007,-0.019608,-0.997787
1600,-0.001175,-0.019547,-0.996658
1601,-0.000259,-0.019424,-0.998611
1602,-0.00058,-0.018646,-0.998444
1603,4.6e-05,-0.018478,-0.997604
1604,-0.000763,-0.019058,-0.996872
1605,-0.000626,-0.019592,-0.997375
1606,-0.000534,-0.017914,-0.996521
1607,-0.000641,-0.018265,-0.997681
1608,-0.001556,-0.018631,-0.997177
1609,-0.000305,-0.018982,-0.998871
1610,-0.00087,-0.018982,-0.999146
1611,-0.000565,-0.01799,-0.997589
1612,-0.000122,-0.019897,-0.997391
1613,-0.000717,-0.019073,-0.99794
1614,-0.000351,-0.019669,-0.996231
1615,-0.000931,-0.018723,-0.997406
1616,-0.000717,-0.017746,-0.998383
1617,-0.000153,-0.017761,-0.997467
1618,-0.00061,-0.018616,-0.99942
1619,-0.000824,-0.018829,-0.998459
1620,-0.000549,-0.018677,-0.996048
1621,-0.000961,-0.019775,-0.997223
1622,-0.001099,-0.018982,-0.997437
1623,-0.000565,-0.018661,-0.998352
1624,-0.001175,-0.018814,-0.998032
1625,-0.000687,-0.018692,-0.997818
1626,-0.000763,-0.01889,-0.998886
1627,-0.000671,-0.018997,-0.99823
1628,-0.001282,-0.018188,-0.997986
1629,-0.000549,-0.018692,-0.99794
1630,-0.000626,-0.018829,-0.997757
1631,-0.000397,-0.01918,-0.998367
1632,0.000259,-0.019913,-0.997284
1633,-0.001495,-0.017685,-0.998734
1634,-0.001251,-0.018814,-1.001221
1635,-0.001007,-0.019547,-0.999527
1636,-0.000778,-0.018845,-1.001404
1637,-0.000839,-0.019531,-0.99939
1638,-9.2e-05,-0.018448,-0.996735
1639,6.1e-05,-0.018463,-0.996445
1640,9.2e-05,-0.019302,-0.997925
1641,-0.000824,-0.019516,-0.999039
1642,-0.00032,-0.019272,-0.998322
1643,-0.000534,-0.018356,-0.997528
1644,-0.001205,-0.019669,-0.998917
1645,-0.000885,-0.018463,-0.997894
1646,-9.2e-05,-0.0186,-0.998276
1647,-0.000809,-0.019608,-0.998291
1648,-0.000992,-0.018509,-0.996414
1649,-0.000473,-0.019669,-0.997009
1650,-0.00032,-0.019318,-0.997223
1651,-0.001205,-0.018799,-0.99852
1652,-0.00116,-0.019318,-0.998093
1653,-0.000854,-0.019287,-0.997391
1654,-0.001099,-0.01947,-0.998627
1655,-0.000473,-0.019455,-0.99762
1656,-0.001328,-0.018677,-0.996857
1657,-0.001144,-0.018372,-0.996597
1658,-0.000534,-0.019257,-0.997208
1659,-0.000366,-0.019241,-0.99678
1660,-0.000443,-0.018723,-0.998138
1661,7.6e-05,-0.018723,-0.997879
1662,0.000214,-0.018799,-0.997086
1663,-0.000351,-0.01857,-0.998764
1664,-0.000427,-0.018341,-0.997528
1665,-0.001434,-0.019333,-0.998032
1666,-0.000168,-0.019043,-0.995987
1667,-0.000473,-0.018875,-0.997894
1668,-0.000595,-0.019501,-0.998825
1669,-0.000427,-0.018936,-0.998596
1670,-0.000671,-0.01947,-0.998718
1671,-0.000687,-0.019501,-0.99971
1672,-0.001038,-0.019821,-0.998123
1673,-0.000198,-0.020081,-0.998199
1674,-0.001602,-0.019073,-0.997208
1675,-4.6e-05,-0.018311,-0.997314
1676,-6.1e-05,-0.018829,-0.997559
1677,-0.000854,-0.018646,-0.997009
1678,-0.0009,-0.019089,-0.997406
1679,-0.000137,-0.017975,-0.999008
1680,-0.000153,-0.018082,-0.997665
1681,-0.000824,-0.019119,-0.998047
1682,6.1e-05,-0.019516,-0.997131
1683,-0.000244,-0.019485,-0.998093
1684,-0.00061,-0.018799,-0.996887
1685,-0.001602,-0.019592,-0.998062
1686,0.000244,-0.020096,-0.998535
1687,0.000153,-0.019226,-0.998962
1688,-0.001038,-0.018646,-0.997421
1689,-1.5e-05,-0.01857,-0.998764
1690,-0.000809,-0.019653,-0.99852
1691,-0.000595,-0.019302,-0.998276
1692,9.2e-05,-0.018311,-0.996292
1693,-0.001022,-0.018829,-0.996704
1694,-0.000183,-0.018555,-0.997269
1695,-0.001617,-0.01886,-0.998322
1696,0.000351,-0.019318,-0.997528
1697,-0.000137,-0.018707,-0.998871
1698,-0.000534,-0.02005,-0.997818
1699,-0.000763,-0.018784,-0.9991
1700,-0.000305,-0.018723,-0.997635
1701,0.000107,-0.018906,-0.995621
1702,-0.00087,-0.018906,-0.996063
1703,-0.000473,-0.018784,-0.99675
1704,-0.000137,-0.019058,-0.997299
1705,-0.001099,-0.019592,-0.997604
1706,-0.000214,-0.019592,-0.99826
1707,-0.000916,-0.019318,-0.997208
1708,-0.000351,-0.019547,-0.998306
1709,-0.00061,-0.020264,-0.997131
1710,-1.5e-05,-0.019714,-0.996552
1711,-0.000565,-0.019302,-0.997055
1712,-0.00061,-0.018707,-0.997757
1713,-0.001099,-0.018631,-0.997391
1714,-6.1e-05,-0.019531,-0.99826
1715,-1.5e-05,-0.018875,-0.997223
1716,-7.6e-05,-0.0186,-0.99881
1717,-0.00029,-0.018967,-0.998749
1718,-0.000122,-0.019073,-0.998795
1719,0.000259,-0.018707,-0.99678
1720,-0.000336,-0.019669,-0.996918
1721,-0.000443,-0.019058,-0.998093
1722,-0.000366,-0.018448,-0.997574
1723,-0.000244,-0.018799,-0.99884
1724,-0.000198,-0.01973,-0.998734
1725,-0.000717,-0.019379,-0.999481
1726,-0.000839,-0.019714,-0.998871
1727,0.000275,-0.01947,-0.997101
1728,-0.000732,-0.019592,-0.997711
1729,-0.00058,-0.019211,-0.997971
1730,-0.000595,-0.020065,-0.996841
1731,-0.001175,-0.019226,-0.998367
1732,-0.000793,-0.019531,-0.99884
1733,-7.6e-05,-0.019623,-0.998672
1734,-0.000519,-0.019028,-0.999054
1735,-0.00032,-0.019974,-0.998062
1736,-0.000595,-0.018829,-0.99733
1737,-0.000168,-0.0186,-0.997498
1738,-0.000809,-0.019104,-0.998428
1739,-0.000717,-0.018036,-0.998184
1740,-0.000229,-0.018906,-0.997208
1741,-0.000397,-0.019058,-0.998001
1742,-0.000946,-0.018326,-0.999161
1743,-0.000977,-0.018997,-0.998489
1744,4.6e-05,-0.019119,-0.997391
1745,-0.000153,-0.018478,-0.997375
1746,-0.00032,-0.019348,-0.997421
1747,1.5e-05,-0.020462,-0.997635
1748,-0.000565,-0.02002,-0.997955
1749,-0.000824,-0.018143,-0.998596
1750,-0.000244,-0.018875,-0.998474
1751,-0.0009,-0.019073,-0.999191
1752,-0.001587,-0.018661,-0.998123
1753,6.1e-05,-0.018951,-0.998032
1754,-0.000702,-0.018799,-0.997162
1755,-0.00119,-0.018417,-0.997177
1756,-0.00087,-0.019669,-0.99765
1757,-0.000351,-0.019196,-0.998184
1758,-0.000412,-0.019073,-0.999466
1759,-0.00032,-0.018173,-0.997101
1760,-0.000534,-0.018326,-0.998734
1761,-0.000504,-0.018997,-0.998489
1762,-0.000381,-0.019562,-0.996323
1763,0.000244,-0.01857,-0.998077
1764,-0.001282,-0.019348,-0.997726
1765,-0.000809,-0.02005,-0.995773
1766,-0.000198,-0.019196,-0.997894
1767,-0.000854,-0.019272,-0.99826
1768,-0.000717,-0.01918,-0.998245
1769,-0.00148,-0.018524,-0.99884
1770,-0.000793,-0.019302,-0.99794
1771,-0.00087,-0.02002,-0.997391
1772,-0.001007,-0.019379,-0.998352
1773,-0.00032,-0.019516,-0.996933
1774,-0.001129,-0.018707,-0.996658
1775,-0.000839,-0.019073,-0.998001
1776,-0.000977,-0.018814,-0.998459
1777,-0.000427,-0.018677,-0.99852
1778,-0.000748,-0.018341,-0.998123
1779,-0.000946,-0.018127,-0.997726
1780,9.2e-05,-0.018341,-0.997208
1781,-0.000244,-0.019272,-0.99791
1782,-0.000717,-0.018967,-0.997025
1783,-0.000244,-0.019409,-0.996597
1784,-9.2e-05,-0.018768,-0.997055
1785,-3.1e-05,-0.01886,-0.998459
1786,-0.001083,-0.019104,-0.998688
1787,-0.000397,-0.019608,-0.99881
1788,0.000626,-0.019089,-0.997375
1789,-6.1e-05,-0.019073,-0.997803
1790,-0.0009,-0.019119,-0.996902
1791,-0.000778,-0.019028,-0.997253
1792,-0.00032,-0.019073,-0.998398
1793,-0.001694,-0.017975,-0.997284
1794,1.5e-05,-0.019394,-0.997055
1795,-0.000534,-0.018524,-0.99826
1796,-0.000183,-0.017899,-0.999161
1797,-0.000809,-0.018951,-0.998505
1798,-0.000534,-0.019485,-0.998032
1799,-0.000793,-0.019363,-0.997528
1800,-0.000916,-0.019791,-0.997482
1801,-0.00148,-0.018723,-0.997543
1802,-0.000763,-0.018265,-0.997314
1803,-0.000336,-0.018967,-0.997543
1804,-0.000214,-0.018829,-0.998932
1805,-0.000168,-0.018311,-0.998032
1806,-0.000717,-0.019531,-0.998993
1807,0.000183,-0.01889,-0.998306
1808,0.000549,-0.018768,-0.996765
1809,-0.001328,-0.018494,-0.997574
1810,-3.1e-05,-0.019455,-0.997223
1811,-0.000885,-0.019089,-0.997192
1812,-0.001312,-0.019562,-0.999008
1813,-0.000732,-0.018341,-0.998428
1814,0.000122,-0.018616,-0.998383
1815,-0.001083,-0.019135,-0.997971
1816,-0.000351,-0.019745,-0.997894
1817,-0.000214,-0.019653,-0.997192
1818,-0.000381,-0.018784,-0.997849
1819,-0.000656,-0.018692,-0.997513
1820,7.6e-05,-0.019241,-0.999023
1821,-0.001068,-0.019089,-0.998947
1822,-0.000824,-0.018936,-0.99765
1823,-0.001068,-0.018921,-0.998215
1824,-0.000244,-0.018677,-0.997894
1825,-0.000229,-0.018372,-0.997025
1826,-0.000366,-0.019104,-0.997498
1827,-0.001007,-0.019485,-0.998383
1828,-0.000183,-0.018707,-0.997894
1829,-0.000366,-0.019287,-0.997589
1830,-0.000626,-0.019119,-0.998123
1831,-0.001343,-0.019104,-0.997162
1832,-0.000748,-0.018707,-0.99826
1833,-0.00148,-0.018036,-0.998199
1834,-9.2e-05,-0.019775,-0.997726
1835,-6.1e-05,-0.018417,-0.996872
1836,-0.000412,-0.01915,-0.996185
1837,-0.000381,-0.018661,-0.997253
1838,-0.000351,-0.018585,-0.998688
1839,-0.000336,-0.018143,-0.99884
1840,-0.000854,-0.018265,-0.997528
1841,-0.000946,-0.018753,-0.998047
1842,-0.000885,-0.019241,-0.997864
1843,-0.000305,-0.018753,-0.998306
1844,-0.000595,-0.019043,-0.99649
1845,-0.001053,-0.019333,-0.997498
1846,-0.001663,-0.018265,-0.998825
1847,-0.001266,-0.019058,-0.998367
1848,-0.000458,-0.018509,-0.997955
1849,-0.000839,-0.019028,-0.997986
1850,-0.001099,-0.018799,-0.99762
1851,-0.000595,-0.018478,-0.99762
1852,-7.6e-05,-0.018997,-0.998459
1853,-0.000488,-0.018799,-0.997543
1854,-0.000961,-0.018799,-0.996689
1855,-0.000732,-0.019592,-0.996765
1856,-0.000961,-0.019272,-0.998901
1857,-0.000656,-0.020035,-0.998001
1858,-0.001175,-0.018021,-0.999451
1859,-0.001175,-0.018158,-0.998672
1860,-0.000885,-0.01886,-0.998169
1861,-0.000626,-0.018768,-0.997055
1862,-0.001755,-0.018707,-0.996857
1863,-0.000702,-0.01947,-0.996292
1864,0.000168,-0.018082,-0.998398
1865,-0.000381,-0.01947,-0.998108
1866,-0.002396,-0.018692,-0.997864
1867,0.000122,-0.018478,-0.99704
1868,-0.000717,-0.018814,-0.998535
1869,-0.000488,-0.018845,-0.997238
1870,-0.000809,-0.019318,-0.997452
1871,0.000183,-0.020035,-0.997864
1872,-3.1e-05,-0.020065,-0.997528
1873,-0.001556,-0.018585,-0.99704
1874,-0.001083,-0.018173,-0.99765
1875,-0.0009,-0.01918,-0.999054
1876,-0.000473,-0.018631,-0.997757
1877,-0.000748,-0.019379,-0.996063
1878,-0.000397,-0.019592,-0.99704
1879,-0.000885,-0.018936,-0.998566
1880,-0.000305,-0.018936,-0.997253
1881,-0.000412,-0.01889,-0.997604
1882,-0.000946,-0.018814,-0.99791
1883,0.000809,-0.017334,-0.997787
1884,-0.001846,-0.01918,-0.998352
1885,-0.000153,-0.018524,-0.998566
1886,-0.000473,-0.018463,-0.996857
1887,-0.00029,-0.018509,-0.998169
1888,0.000305,-0.019012,-0.997162
1889,-0.000397,-0.018814,-0.995499
1890,-0.000671,-0.01918,-0.997147
1891,0.000107,-0.019699,-0.998001
1892,-0.000305,-0.019241,-0.998291
1893,-0.000732,-0.018555,-0.998886
1894,-0.000259,-0.018814,-0.997879
1895,-0.000519,-0.01947,-0.997803
1896,-0.000397,-0.019562,-0.997971
1897,-0.001114,-0.019424,-0.998047
1898,-0.000748,-0.019043,-0.996185
1899,-0.000336,-0.019592,-0.99855
1900,-0.000504,-0.019394,-0.998596
1901,-0.000183,-0.018982,-0.997772
1902,-0.000565,-0.018875,-0.999054
1903,-0.000366,-0.018158,-0.998535
1904,-0.000259,-0.019379,-0.997406
1905,-0.000519,-0.01738,-0.997711
1906,0.000488,-0.018723,-0.996872
1907,0.000259,-0.019257,-0.995926
1908,-0.001617,-0.02034,-0.997253
1909,-0.000534,-0.019012,-0.99765
1910,-7.6e-05,-0.018005,-0.998367
1911,-0.001205,-0.018219,-0.998688
1912,0.000122,-0.019424,-0.998062
1913,-0.000839,-0.018463,-0.99794
1914,-0.000824,-0.018295,-0.997025
1915,-0.000977,-0.019089,-0.997299
1916,-0.001007,-0.01886,-0.996033
1917,-0.001068,-0.019653,-0.998444
1918,-0.000397,-0.019638,-0.997681
1919,-0.001038,-0.017838,-0.998047
1920,0.00029,-0.019363,-0.998886
1921,-0.001068,-0.018387,-0.997696
1922,-0.000748,-0.019577,-0.997971
1923,-0.001129,-0.019699,-0.997208
1924,-0.00061,-0.018906,-0.996765
1925,-0.000809,-0.019104,-0.99707
1926,-0.000961,-0.018768,-0.997849
1927,-0.000641,-0.019028,-0.998947
1928,-0.001053,-0.019058,-0.99884
1929,-0.000259,-0.019104,-0.997696
1930,0.000137,-0.018677,-0.99855
1931,-0.001083,-0.01886,-0.99826
1932,0.00029,-0.018616,-0.997452
1933,-0.000443,-0.018265,-0.99649
1934,-0.001129,-0.018616,-0.996002
1935,-0.00058,-0.019119,-0.99704
1936,-0.000626,-0.018188,-0.99855
1937,-0.000992,-0.018814,-0.998428
1938,-0.000641,-0.019302,-1.000015
1939,-0.000427,-0.018814,-0.998245
1940,-0.000488,-0.019043,-0.998199
1941,-0.000916,-0.019241,-0.997452
1942,-0.000458,-0.01886,-0.997253
1943,0.000351,-0.018677,-0.996887
1944,-0.000748,-0.019302,-0.997314
1945,-0.001175,-0.019394,-0.998032
1946,-0.000626,-0.019073,-0.996109
1947,6.1e-05,-0.018707,-0.998871
1948,-0.000626,-0.019394,-0.998856
1949,-0.001099,-0.019547,-0.997833
1950,-0.001236,-0.019043,-0.998169
1951,-0.000565,-0.01944,-0.998016
1952,0.000534,-0.019135,-0.996536
1953,-0.000854,-0.020248,-0.996918
1954,-0.0009,-0.018967,-0.999191
1955,-0.000214,-0.01889,-0.998627
1956,-0.001175,-0.01857,-0.997513
1957,-0.001251,-0.018707,-0.998932
1958,-0.000732,-0.019073,-0.998581
1959,-0.000946,-0.019241,-0.996964
1960,-0.000336,-0.018814,-0.99794
1961,-0.000854,-0.018814,-0.997009
1962,0.000259,-0.018417,-0.998917
1963,-0.001221,-0.02005,-0.998825
1964,-0.000595,-0.019043,-0.99762
1965,-0.000458,-0.018738,-0.998245
1966,-0.000519,-0.019272,-0.996658
1967,-0.000366,-0.019363,-0.997406
1968,-0.000824,-0.019394,-0.998322
1969,-0.00087,-0.019333,-0.99791
1970,-3.1e-05,-0.019608,-0.996811
1971,-0.000366,-0.018585,-0.997391
1972,-0.000381,-0.019043,-0.998138
1973,-0.000992,-0.01889,-0.998383
1974,-0.000641,-0.019272,-0.997879
1975,-0.000229,-0.018478,-0.998032
1976,-0.001465,-0.018738,-0.997375
1977,-0.000656,-0.019501,-0.99765
1978,0.000153,-0.019379,-0.998337
1979,-0.00148,-0.018616,-0.996307
1980,-0.000687,-0.019119,-0.997742
1981,-0.000488,-0.019073,-0.998138
1982,-0.000443,-0.019211,-0.997269
1983,-0.000763,-0.019226,-0.998657
1984,-0.001282,-0.019409,-0.997955
1985,-0.000534,-0.018799,-0.997314
1986,-0.001404,-0.019974,-0.997055
1987,-0.000519,-0.019638,-0.997147
1988,-0.000259,-0.019257,-0.997025
1989,-0.000427,-0.018509,-0.996689
1990,-0.001007,-0.018005,-0.99762
1991,-9.2e-05,-0.019363,-0.997833
1992,-0.001175,-0.019257,-0.998581
1993,-0.000656,-0.01825,-0.99794
1994,-0.000992,-0.018753,-0.997269
1995,-0.00058,-0.019577,-0.996933
1996,0.000427,-0.019485,-0.997681
1997,-0.000961,-0.019409,-0.996872
1998,-0.000549,-0.019653,-0.997482
1999,-0.001724,-0.019302,-0.999069
2000,0.000168,-0.01918,-0.997726
2001,-0.001114,-0.018585,-0.998032
2002,-0.001282,-0.018417,-0.997635
2003,-0.000519,-0.019531,-0.997696
2004,-0.000336,-0.018997,-0.996979
2005,-0.000443,-0.019684,-0.996918
2006,-0.000336,-0.019257,-0.997253
2007,-0.000534,-0.019272,-0.997803
2008,-0.001205,-0.019135,-0.997177
2009,-0.001038,-0.018768,-0.999039
2010,-0.000565,-0.019302,-0.998154
2011,-0.000504,-0.019028,-0.99765
2012,-0.000137,-0.019302,-0.997467
2013,-3.1e-05,-0.01828,-0.99614
2014,1.5e-05,-0.019623,-0.996964
2015,-0.000183,-0.019653,-0.997391
2016,-0.000366,-0.018234,-0.998581
2017,-0.00058,-0.01915,-0.99736
2018,-0.000565,-0.018738,-0.997726
2019,-0.000168,-0.018387,-0.997086
2020,-0.0009,-0.01889,-0.998444
2021,-0.000397,-0.019623,-0.996887
2022,-0.001038,-0.019363,-0.996185
2023,0.00032,-0.019104,-0.997086
2024,-0.000626,-0.019348,-0.996796
2025,-0.001297,-0.019363,-0.99791
2026,-0.000916,-0.018188,-0.997696
2027,-0.000427,-0.018951,-0.998383
2028,-0.000671,-0.019653,-0.998245
2029,7.6e-05,-0.018692,-0.997162
2030,-0.000854,-0.019302,-0.997681
2031,-0.001282,-0.019272,-0.997009
2032,-0.000763,-0.018677,-0.996796
2033,-0.000961,-0.018631,-0.99884
2034,-0.000305,-0.018112,-0.997986
2035,-0.001373,-0.019012,-0.997421
2036,-0.000305,-0.019272,-0.997284
2037,-0.000549,-0.019669,-0.996338
2038,-0.000824,-0.01886,-0.998337
2039,-0.001114,-0.018021,-0.996933
2040,-6.1e-05,-0.018829,-0.99733
2041,-0.000351,-0.018951,-0.997421
2042,-0.000671,-0.018906,-0.99678
2043,-0.00061,-0.018707,-0.998215
2044,-0.001129,-0.019165,-0.998703
2045,-0.000519,-0.01915,-0.996765
2046,-0.000427,-0.018661,-0.99707
2047,-0.001114,-0.019455,-0.997696
2048,3.1e-05,-0.018967,-0.997467
2049,-0.000793,-0.019623,-0.997086
2050,-0.001816,-0.01889,-0.997833
2051,-0.000305,-0.017929,-0.997131
2052,-0.00032,-0.018539,-0.998657
2053,-0.000153,-0.019165,-0.998596
2054,-0.000198,-0.019943,-0.997879
2055,-0.000854,-0.017731,-0.998383
2056,-0.000885,-0.018631,-0.998825
2057,-4.6e-05,-0.018631,-0.997391
2058,-0.001068,-0.019333,-0.998123
2059,-0.000626,-0.020065,-0.997711
2060,-0.00032,-0.018982,-0.999527
2061,-0.000763,-0.019577,-0.998322
2062,-0.000626,-0.018921,-0.998093
2063,0.000244,-0.018951,-0.997757
2064,-0.001541,-0.018921,-0.998566
2065,0.00029,-0.019516,-0.997818
2066,-0.000137,-0.019562,-0.998688
2067,-4.6e-05,-0.019135,-0.997925
2068,0.00029,-0.018829,-0.997345
2069,0.000107,-0.018677,-0.997681
2070,-0.000748,-0.019485,-0.998749
2071,0.0,-0.018112,-0.998138
2072,-0.00116,-0.019379,-0.998718
2073,-0.000381,-0.018204,-0.997467
2074,-0.000565,-0.019241,-0.996765
2075,-0.001038,-0.018311,-0.997147
2076,-0.000854,-0.018982,-0.9953
2077,-0.000748,-0.019058,-0.995926
2078,-0.000671,-0.019501,-0.997284
2079,-0.000519,-0.018997,-0.995987
2080,-0.001404,-0.019058,-0.99707
2081,-0.0009,-0.01799,-0.999557
2082,-0.000748,-0.019028,-0.999069
2083,-9.2e-05,-0.019196,-0.996689
2084,-0.000488,-0.019028,-0.996201
2085,-0.0009,-0.019287,-0.996979
2086,-0.000397,-0.01915,-0.99794
2087,-6.1e-05,-0.018204,-0.998306
2088,-0.000793,-0.019196,-0.998016
2089,-0.000214,-0.019119,-0.996918
2090,-0.000702,-0.019058,-0.998016
2091,9.2e-05,-0.019409,-0.99826
2092,-0.001617,-0.019424,-0.997955
2093,-0.000595,-0.019318,-0.998444
2094,-0.000916,-0.018799,-0.99707
2095,-0.00029,-0.019211,-0.997528
2096,-0.00148,-0.019531,-0.997711
2097,6.1e-05,-0.019226,-0.997604
2098,0.00061,-0.018311,-0.998734
2099,-0.000244,-0.019165,-0.996613
2100,-0.00029,-0.01918,-0.997604
